Unnamed: 0_x,LOCATION,INDICATOR_x,SUBJECT_x,MEASURE_x,FREQUENCY_x,Year,Education Value,INDICATOR_y,SUBJECT_y,MEASURE_y,FREQUENCY_y,G20 Value,INDICATOR,SUBJECT,MEASURE,FREQUENCY,GDP Value,LifeExp Value,Population Value,Type,TotalPopulationAsOf1January(thousands),TotalPopulationAsOf1July(thousands),PopulationDensityAsOf1July(PersonsPerSquareKm),PopulationSexRatioAsOf1July(MalesPer100Females),NaturalChangeBirthsMinusDeaths(thousands),RateOfNaturalChange(Per1000Population),PopulationChange(thousands),PopulationGrowthe(percentage),PopulationAnnualDoublingTime(years),Births(thousands),CrudeBirthRate(birthsPer1000Population),TotalFertilityRate(LiveBirthsPerWoman),NetReproductioRate(SurvivingDaughtersPerWoman),MeanAgeChildbearing(years),SexRatioAtBirth(MalesPer100FemaleBirths),TotalDeaths(thousands),CrudeDeathRate(DeathsPer1000 Population),LifeExpectancyAtBirthBothSexes(years),InfantMortalityRate(InfantDeathsPer1000LiveBirths),LiveBirthsSurvivingToAge1(thousands),Unnamed: 0_y,Unemployment Value
0,Australia,EDUTRY,25_34,PC_AGE,A,1989,34.140335,POP,TOT,MLN_PER,A,16.814416,GDP,TOT,USD_CAP,A,17835.122957,76.4,16.814416,Country/Area,  16 664,  16 797,2.2,99.5,124,7.4,265,1.58,44,250,14.9,1.84,0.88,28.3,105,125,7.5,76.2,8.5,248,22,6.179825
1,Australia,EDUTRY,25_34,PC_AGE,A,1991,35.707539,POP,TOT,MLN_PER,A,17.284036,GDP,TOT,USD_CAP,A,18177.563681,77.3,17.284036,Country/Area,  17 167,  17 271,2.2,99.4,139,8.1,208,1.2,57.6,258,14.9,1.86,0.89,28.5,106,118,6.9,77.5,6.9,256,24,9.576522
2,Australia,EDUTRY,25_34,PC_AGE,A,1993,22.836517,POP,TOT,MLN_PER,A,17.634808,GDP,TOT,USD_CAP,A,20184.946005,77.9,17.634808,Country/Area,  17 550,  17 632,2.3,99.2,140,7.9,163,0.93,74.9,260,14.8,1.87,0.9,28.7,106,121,6.8,78,6,259,26,10.87467
3,Australia,EDUTRY,25_34,PC_AGE,A,1994,23.624947,POP,TOT,MLN_PER,A,17.805468,GDP,TOT,USD_CAP,A,21432.775454,77.9,17.805468,Country/Area,  17 713,  17 806,2.3,99.1,131,7.4,185,1.04,66.8,258,14.5,1.85,0.89,28.9,106,127,7.1,77.9,6,257,27,9.72219
4,Australia,EDUTRY,25_34,PC_AGE,A,1995,24.697142,POP,TOT,MLN_PER,A,18.004882,GDP,TOT,USD_CAP,A,22442.316842,77.8,18.004882,Country/Area,  17 898,  18 003,2.3,99,130,7.3,210,1.17,59.4,255,14.2,1.83,0.88,29,106,125,7,78.3,5.7,254,28,8.472281
5,Australia,EDUTRY,25_34,PC_AGE,A,1997,25.702168,POP,TOT,MLN_PER,A,18.423037,GDP,TOT,USD_CAP,A,24477.413795,78.4,18.423037,Country/Area,  18 316,  18 410,2.4,98.8,122,6.6,189,1.03,67.4,250,13.6,1.79,0.86,29.2,105,129,7,78.6,5.5,249,30,8.362488
6,Australia,EDUTRY,25_34,PC_AGE,A,1998,28.139578,POP,TOT,MLN_PER,A,18.607584,GDP,TOT,USD_CAP,A,25708.263828,78.6,18.607584,Country/Area,  18 505,  18 602,2.4,98.7,122,6.5,194,1.04,66.6,249,13.4,1.77,0.85,29.3,105,127,6.9,79,5,248,31,7.677429
7,Australia,EDUTRY,25_34,PC_AGE,A,1999,28.981586,POP,TOT,MLN_PER,A,18.812264,GDP,TOT,USD_CAP,A,27139.248201,78.9,18.812264,Country/Area,  18 698,  18 801,2.4,98.6,120,6.4,205,1.09,63.6,248,13.2,1.77,0.85,29.4,105,128,6.8,79.3,5.7,247,32,6.873791
8,Australia,EDUTRY,25_34,PC_AGE,A,2000,31.372517,POP,TOT,MLN_PER,A,19.028802,GDP,TOT,USD_CAP,A,28312.859441,79.2,19.028802,Country/Area,  18 903,  19 018,2.5,98.5,120,6.3,229,1.21,57.5,249,13.1,1.77,0.85,29.5,105,129,6.8,79.6,5.1,247,33,6.285546
9,Australia,EDUTRY,25_34,PC_AGE,A,2001,33.511932,POP,TOT,MLN_PER,A,19.274701,GDP,TOT,USD_CAP,A,29546.415014,79.6,19.274701,Country/Area,  19 133,  19 248,2.5,98.5,117,6.1,231,1.2,57.8,246,12.8,1.75,0.84,29.6,105,129,6.7,80,5.1,245,34,6.742173
10,Australia,EDUTRY,25_34,PC_AGE,A,2002,35.797337,POP,TOT,MLN_PER,A,19.49521,GDP,TOT,USD_CAP,A,30807.514079,79.9,19.49521,Country/Area,  19 364,  19 476,2.5,98.5,116,6,224,1.15,60.2,250,12.9,1.77,0.85,29.7,105,133,6.9,80.1,5,249,35,6.368911
11,Australia,EDUTRY,25_34,PC_AGE,A,2003,36.322815,POP,TOT,MLN_PER,A,19.720737,GDP,TOT,USD_CAP,A,32391.486238,80.2,19.720737,Country/Area,  19 588,  19 699,2.6,98.5,118,6,222,1.13,61.5,250,12.7,1.77,0.85,29.9,106,132,6.7,80.5,4.8,249,36,5.92842
12,Australia,EDUTRY,25_34,PC_AGE,A,2004,36.168247,POP,TOT,MLN_PER,A,19.932722,GDP,TOT,USD_CAP,A,34000.173773,80.5,19.932722,Country/Area,  19 810,  19 925,2.6,98.6,121,6.1,230,1.16,60,253,12.7,1.79,0.86,30,106,132,6.7,80.8,4.7,252,37,5.396734
13,Australia,EDUTRY,25_34,PC_AGE,A,2005,38.098312,POP,TOT,MLN_PER,A,20.176844,GDP,TOT,USD_CAP,A,35659.125487,80.8,20.176844,Country/Area,  20 040,  20 172,2.6,98.6,131,6.5,263,1.31,53.1,263,13.1,1.84,0.89,30.1,106,132,6.5,81.1,5.1,261,38,5.033881
14,Australia,EDUTRY,25_34,PC_AGE,A,2006,38.804123,POP,TOT,MLN_PER,A,20.450966,GDP,TOT,USD_CAP,A,37938.792079,81.0,20.450966,Country/Area,  20 303,  20 467,2.7,98.7,135,6.6,327,1.6,43.3,270,13.2,1.88,0.91,30.3,106,134,6.6,81.3,4.8,269,39,4.78524
15,Australia,EDUTRY,25_34,PC_AGE,A,2007,40.728859,POP,TOT,MLN_PER,A,20.827622,GDP,TOT,USD_CAP,A,39687.44861,81.3,20.827622,Country/Area,  20 631,  20 831,2.7,98.8,149,7.2,400,1.92,36.1,288,13.9,1.99,0.96,30.3,106,139,6.7,81.3,4.3,287,40,4.379151
16,Australia,EDUTRY,25_34,PC_AGE,A,2008,41.99683,POP,TOT,MLN_PER,A,21.249199,GDP,TOT,USD_CAP,A,40130.341686,81.4,21.249199,Country/Area,  21 031,  21 248,2.8,99,155,7.4,434,2.04,33.9,298,14.1,2.02,0.97,30.3,106,142,6.7,81.5,4.3,297,41,4.23433
17,Australia,EDUTRY,25_34,PC_AGE,A,2009,44.778488,POP,TOT,MLN_PER,A,21.691653,GDP,TOT,USD_CAP,A,41672.92375,81.5,21.691653,Country/Area,  21 465,  21 661,2.8,99.1,156,7.3,392,1.81,38.3,297,13.8,1.97,0.95,30.4,106,141,6.6,81.8,4.1,296,42,5.560385
18,Australia,EDUTRY,25_34,PC_AGE,A,2010,44.374836,POP,TOT,MLN_PER,A,22.03175,GDP,TOT,USD_CAP,A,42816.42896,81.7,22.03175,Country/Area,  21 857,  22 019,2.9,99.1,158,7.2,324,1.47,47.1,300,13.7,1.95,0.94,30.5,106,143,6.5,82.1,4.1,299,43,5.21334
19,Australia,EDUTRY,25_34,PC_AGE,A,2011,44.615528,POP,TOT,MLN_PER,A,22.340024,GDP,TOT,USD_CAP,A,44440.579478,81.9,22.340024,Country/Area,  22 181,  22 357,2.9,99.1,154,6.9,351,1.57,44.1,300,13.5,1.92,0.93,30.5,106,146,6.6,82.1,3.8,299,44,5.081195
20,Australia,EDUTRY,25_34,PC_AGE,A,2012,47.231079,POP,TOT,MLN_PER,A,22.733465,GDP,TOT,USD_CAP,A,43884.635595,82.0,22.733465,Country/Area,  22 533,  22 729,3,99.1,157,7,393,1.73,40.1,306,13.5,1.93,0.93,30.6,106,149,6.6,82.3,3.3,305,45,5.223376
21,Australia,EDUTRY,25_34,PC_AGE,A,2013,45.745182,POP,TOT,MLN_PER,A,23.128129,GDP,TOT,USD_CAP,A,47763.2159,82.1,23.128129,Country/Area,  22 926,  23 112,3,99,157,6.8,372,1.61,43.1,306,13.3,1.88,0.91,30.6,106,148,6.4,82.6,3.6,305,46,5.66194
22,Australia,EDUTRY,25_34,PC_AGE,A,2014,48.13139,POP,TOT,MLN_PER,A,23.475686,GDP,TOT,USD_CAP,A,47606.754929,82.3,23.475686,Country/Area,  23 298,  23 470,3.1,98.8,146,6.2,344,1.47,47.3,300,12.8,1.81,0.87,30.7,106,154,6.6,82.6,3.4,299,47,6.077244
23,Australia,EDUTRY,25_34,PC_AGE,A,2015,48.466274,POP,TOT,MLN_PER,A,23.815995,GDP,TOT,USD_CAP,A,47226.759745,82.4,23.815995,Country/Area,  23 641,  23 820,3.1,98.7,148,6.2,358,1.5,46.2,305,12.9,1.81,0.87,30.8,106,157,6.6,82.7,3.1,304,48,6.056423
24,Australia,EDUTRY,25_34,PC_AGE,A,2016,49.30521,POP,TOT,MLN_PER,A,24.190907,GDP,TOT,USD_CAP,A,50136.798381,82.4,24.190907,Country/Area,  23 999,  24 196,3.2,98.5,151,6.3,393,1.63,42.6,309,12.9,1.8,0.87,30.9,106,158,6.6,82.9,3,309,49,5.710809
25,Australia,EDUTRY,25_34,PC_AGE,A,2017,51.989063,POP,TOT,MLN_PER,A,24.594202,GDP,TOT,USD_CAP,A,50706.489861,82.5,24.594202,Country/Area,  24 392,  24 590,3.2,98.4,151,6.2,396,1.61,43.1,312,12.7,1.77,0.85,31,106,161,6.6,83,3.3,311,50,5.595881
26,Australia,EDUTRY,25_34,PC_AGE,A,2018,51.393173,POP,TOT,MLN_PER,A,24.966643,GDP,TOT,USD_CAP,A,53025.386896,82.7,24.966643,Country/Area,  24 788,  24 979,3.3,98.4,162,6.5,382,1.53,45.3,320,12.9,1.79,0.86,31,106,159,6.4,83.4,3.1,319,51,5.30767
27,Australia,EDUTRY,25_34,PC_AGE,A,2019,52.478458,POP,TOT,MLN_PER,A,25.340217,GDP,TOT,USD_CAP,A,52785.250556,82.9,25.340217,Country/Area,  25 170,  25 357,3.3,98.4,138,5.5,374,1.48,47,305,12.1,1.67,0.8,31.2,106,167,6.6,83.1,3,304,52,5.166878
28,Australia,EDUTRY,25_34,PC_AGE,A,2020,54.614105,POP,TOT,MLN_PER,A,25.655289,GDP,TOT,USD_CAP,A,55772.741079,83.2,25.655289,Country/Area,  25 544,  25 670,3.3,98.5,134,5.2,252,0.98,70.7,296,11.6,1.59,0.77,31.3,106,163,6.4,84.3,2.9,296,53,6.463281
29,Australia,EDUTRY,25_34,PC_AGE,A,2021,54.307404,POP,TOT,MLN_PER,A,25.688079,GDP,TOT,USD_CAP,A,62095.40433,83.3,25.688079,Country/Area,  25 796,  25 921,3.4,98.6,132,5.1,250,0.97,71.8,298,11.5,1.6,0.77,31.2,106,166,6.4,84.5,2.9,298,54,5.1136
31,Canada,EDUTRY,25_34,PC_AGE,A,1981,30.579226,POP,TOT,MLN_PER,A,24.819915,GDP,TOT,USD_CAP,A,13086.821695,75.5,24.819915,Country/Area,  24 667,  24 816,2.7,99.1,209,8.4,298,1.2,57.7,380,15.3,1.7,0.81,27,106,171,6.9,75.5,9.6,376,81,7.633333
32,Canada,EDUTRY,25_34,PC_AGE,A,1990,31.989466,POP,TOT,MLN_PER,A,27.691138,GDP,TOT,USD_CAP,A,20229.752821,77.5,27.691138,Country/Area,  27 467,  27 657,3,98.3,235,8.5,380,1.37,50.4,427,15.5,1.81,0.87,27.7,105,192,7,77.4,6.8,424,90,8.15
33,Canada,EDUTRY,25_34,PC_AGE,A,1991,32.07547,POP,TOT,MLN_PER,A,28.03742,GDP,TOT,USD_CAP,A,20224.680598,77.7,28.03742,Country/Area,  27 847,  28 016,3.1,98.3,210,7.5,337,1.2,57.6,405,14.5,1.73,0.83,27.8,105,196,7,77.6,6.3,403,91,10.325
34,Canada,EDUTRY,25_34,PC_AGE,A,1992,33.21056,POP,TOT,MLN_PER,A,28.371264,GDP,TOT,USD_CAP,A,20626.208981,77.9,28.371264,Country/Area,  28 184,  28 348,3.1,98.2,203,7.2,327,1.15,60.2,399,14.1,1.72,0.83,27.9,105,196,6.9,77.9,6,397,92,11.19167
35,Canada,EDUTRY,25_34,PC_AGE,A,1993,34.487045,POP,TOT,MLN_PER,A,28.684764,GDP,TOT,USD_CAP,A,21440.052546,77.8,28.684764,Country/Area,  28 511,  28 668,3.2,98.1,185,6.5,314,1.1,63.2,390,13.6,1.7,0.81,28,106,205,7.2,77.7,6.2,388,93,11.4
36,Canada,EDUTRY,25_34,PC_AGE,A,1994,38.123291,POP,TOT,MLN_PER,A,29.000663,GDP,TOT,USD_CAP,A,22632.831273,78.0,29.000663,Country/Area,  28 825,  28 981,3.2,98.1,179,6.2,312,1.08,64.5,386,13.3,1.7,0.81,28,106,207,7.2,77.9,6.2,384,94,10.41667
37,Canada,EDUTRY,25_34,PC_AGE,A,1995,40.448719,POP,TOT,MLN_PER,A,29.302311,GDP,TOT,USD_CAP,A,23485.643444,78.1,29.302311,Country/Area,  29 137,  29 289,3.2,98,167,5.7,305,1.04,66.6,378,12.9,1.68,0.81,28.1,105,211,7.2,78,6,376,95,9.508333
38,Canada,EDUTRY,25_34,PC_AGE,A,1996,42.239132,POP,TOT,MLN_PER,A,29.610218,GDP,TOT,USD_CAP,A,24050.176142,78.3,29.610218,Country/Area,  29 442,  29 594,3.3,98,153,5.2,304,1.03,67.5,366,12.4,1.64,0.79,28.3,106,213,7.2,78.3,5.5,364,96,9.608334
39,Canada,EDUTRY,25_34,PC_AGE,A,1997,44.168514,POP,TOT,MLN_PER,A,29.905948,GDP,TOT,USD_CAP,A,25259.725362,78.5,29.905948,Country/Area,  29 746,  29 883,3.3,98,134,4.5,274,0.92,75.7,349,11.7,1.58,0.76,28.5,105,216,7.2,78.5,5.4,348,97,9.116667
40,Canada,EDUTRY,25_34,PC_AGE,A,1998,45.555809,POP,TOT,MLN_PER,A,30.155173,GDP,TOT,USD_CAP,A,26319.930258,78.7,30.155173,Country/Area,  30 020,  30 145,3.3,98,124,4.1,250,0.83,83.5,342,11.4,1.56,0.75,28.5,105,218,7.3,78.7,5.2,340,98,8.283334
41,Canada,EDUTRY,25_34,PC_AGE,A,1999,46.988796,POP,TOT,MLN_PER,A,30.401286,GDP,TOT,USD_CAP,A,27841.629576,78.9,30.401286,Country/Area,  30 270,  30 400,3.3,98,116,3.8,260,0.85,81.2,336,11.1,1.54,0.74,28.6,105,219,7.2,78.9,5.2,334,99,7.591667
42,Canada,EDUTRY,25_34,PC_AGE,A,2000,48.400093,POP,TOT,MLN_PER,A,30.68573,GDP,TOT,USD_CAP,A,29362.289573,79.3,30.68573,Country/Area,  30 530,  30 683,3.4,98.1,106,3.5,307,1,69.2,323,10.6,1.49,0.72,28.8,106,218,7.1,79.2,5.1,322,100,6.816667
43,Canada,EDUTRY,25_34,PC_AGE,A,2001,50.856735,POP,TOT,MLN_PER,A,31.020902,GDP,TOT,USD_CAP,A,30231.005032,79.5,31.020902,Country/Area,  30 837,  31 003,3.4,98.2,107,3.5,331,1.07,64.8,326,10.6,1.51,0.73,29,105,219,7.1,79.5,5.3,325,101,7.216667
44,Canada,EDUTRY,25_34,PC_AGE,A,2002,51.629013,POP,TOT,MLN_PER,A,31.360079,GDP,TOT,USD_CAP,A,30963.222007,79.6,31.360079,Country/Area,  31 169,  31 322,3.4,98.2,102,3.3,308,0.98,70.5,325,10.4,1.5,0.72,29.1,105,223,7.2,79.6,5.4,324,102,7.675
45,Canada,EDUTRY,25_34,PC_AGE,A,2003,53.179329,POP,TOT,MLN_PER,A,31.644028,GDP,TOT,USD_CAP,A,32350.070882,79.8,31.644028,Country/Area,  31 476,  31 619,3.5,98.2,104,3.3,286,0.91,76.5,330,10.5,1.53,0.73,29.3,105,226,7.2,79.7,5.3,328,103,7.575
46,Canada,EDUTRY,25_34,PC_AGE,A,2004,53.197052,POP,TOT,MLN_PER,A,31.940655,GDP,TOT,USD_CAP,A,33925.89256,80.1,31.940655,Country/Area,  31 763,  31 912,3.5,98.2,105,3.3,298,0.93,74.2,331,10.4,1.53,0.74,29.4,105,226,7.1,80,5.2,330,104,7.191667
47,Canada,EDUTRY,25_34,PC_AGE,A,2005,53.694931,POP,TOT,MLN_PER,A,32.243753,GDP,TOT,USD_CAP,A,36327.662059,80.2,32.243753,Country/Area,  32 061,  32 216,3.5,98.3,106,3.3,310,0.96,72,336,10.5,1.54,0.74,29.6,105,230,7.2,80.1,5.4,334,105,6.758333
48,Canada,EDUTRY,25_34,PC_AGE,A,2006,54.622643,POP,TOT,MLN_PER,A,32.571174,GDP,TOT,USD_CAP,A,38120.176792,80.7,32.571174,Country/Area,  32 371,  32 532,3.6,98.3,119,3.7,322,0.99,70.2,347,10.7,1.59,0.76,29.6,106,228,7,80.5,5.1,346,106,6.466667
49,Canada,EDUTRY,25_34,PC_AGE,A,2007,55.674667,POP,TOT,MLN_PER,A,32.889025,GDP,TOT,USD_CAP,A,39575.324973,80.7,32.889025,Country/Area,  32 693,  32 862,3.6,98.3,129,3.9,340,1.03,67,364,11.1,1.65,0.8,29.7,105,235,7.2,80.5,5.2,363,107,6.166667
50,Canada,EDUTRY,25_34,PC_AGE,A,2008,55.619267,POP,TOT,MLN_PER,A,33.247118,GDP,TOT,USD_CAP,A,40376.330167,80.8,33.247118,Country/Area,  33 032,  33 219,3.7,98.3,135,4.1,373,1.12,61.8,373,11.3,1.68,0.81,29.8,105,239,7.2,80.7,5.1,371,108,6.291667
51,Canada,EDUTRY,25_34,PC_AGE,A,2009,55.780476,POP,TOT,MLN_PER,A,33.628895,GDP,TOT,USD_CAP,A,38865.406022,81.2,33.628895,Country/Area,  33 405,  33 594,3.7,98.3,137,4.1,378,1.13,61.6,376,11.2,1.67,0.8,29.9,105,238,7.1,81.1,4.9,374,109,8.45
52,Canada,EDUTRY,25_34,PC_AGE,A,2010,56.169838,POP,TOT,MLN_PER,A,34.004889,GDP,TOT,USD_CAP,A,40099.497886,81.4,34.004889,Country/Area,  33 783,  33 963,3.7,98.3,133,3.9,361,1.06,65.3,373,11,1.63,0.79,30,105,240,7.1,81.3,5,371,110,8.175
53,Canada,EDUTRY,25_34,PC_AGE,A,2011,56.40131,POP,TOT,MLN_PER,A,34.339328,GDP,TOT,USD_CAP,A,41666.718851,81.6,34.339328,Country/Area,  34 144,  34 324,3.8,98.3,131,3.8,359,1.05,66.2,374,10.9,1.62,0.78,30.2,105,243,7.1,81.5,4.9,372,111,7.633333
54,Canada,EDUTRY,25_34,PC_AGE,A,2012,57.056797,POP,TOT,MLN_PER,A,34.714222,GDP,TOT,USD_CAP,A,42290.879082,81.8,34.714222,Country/Area,  34 503,  34 692,3.8,98.4,132,3.8,377,1.09,63.8,378,10.9,1.62,0.78,30.3,106,246,7.1,81.7,4.8,377,112,7.4
55,Canada,EDUTRY,25_34,PC_AGE,A,2013,57.603394,POP,TOT,MLN_PER,A,35.082954,GDP,TOT,USD_CAP,A,44298.514462,81.8,35.082954,Country/Area,  34 880,  35 064,3.9,98.4,124,3.5,366,1.05,66.3,376,10.8,1.59,0.77,30.4,105,252,7.2,81.8,4.9,374,113,7.15
56,Canada,EDUTRY,25_34,PC_AGE,A,2014,57.725277,POP,TOT,MLN_PER,A,35.437435,GDP,TOT,USD_CAP,A,45753.782936,81.9,35.437435,Country/Area,  35 247,  35 405,3.9,98.5,120,3.4,315,0.89,77.8,378,10.7,1.59,0.77,30.5,105,259,7.3,81.9,4.7,377,114,7.033333
57,Canada,EDUTRY,25_34,PC_AGE,A,2015,59.182831,POP,TOT,MLN_PER,A,35.702908,GDP,TOT,USD_CAP,A,44670.054374,81.9,35.702908,Country/Area,  35 562,  35 732,3.9,98.5,107,3,340,0.95,73,371,10.4,1.55,0.75,30.6,105,264,7.4,81.9,4.5,370,115,6.941667
58,Canada,EDUTRY,25_34,PC_AGE,A,2016,60.582603,POP,TOT,MLN_PER,A,36.109487,GDP,TOT,USD_CAP,A,46472.368771,82.0,36.109487,Country/Area,  35 902,  36 114,4,98.5,103,2.9,423,1.17,59.1,369,10.3,1.54,0.74,30.7,105,267,7.4,82,4.5,368,116,7.025
59,Canada,EDUTRY,25_34,PC_AGE,A,2017,60.916767,POP,TOT,MLN_PER,A,36.545236,GDP,TOT,USD_CAP,A,48317.191163,81.9,36.545236,Country/Area,  36 325,  36 554,4,98.5,97,2.7,458,1.25,55.3,374,10.3,1.54,0.74,30.9,106,276,7.6,82,4.5,372,117,6.425
60,Canada,EDUTRY,25_34,PC_AGE,A,2018,61.754246,POP,TOT,MLN_PER,A,37.065084,GDP,TOT,USD_CAP,A,49992.811418,81.9,37.065084,Country/Area,  36 784,  37 035,4.1,98.6,85,2.3,503,1.36,51,369,10,1.5,0.72,31,105,284,7.7,82.1,4.6,368,118,5.841667
61,Canada,EDUTRY,25_34,PC_AGE,A,2019,62.965115,POP,TOT,MLN_PER,A,37.60123,GDP,TOT,USD_CAP,A,49832.414539,82.3,37.60123,Country/Area,  37 287,  37 523,4.1,98.7,79,2.1,471,1.26,55.2,363,9.7,1.45,0.7,31.1,105,284,7.6,82.4,4.4,362,119,5.691667
62,Canada,EDUTRY,25_34,PC_AGE,A,2020,64.386749,POP,TOT,MLN_PER,A,38.007166,GDP,TOT,USD_CAP,A,47226.357276,81.7,38.007166,Country/Area,  37 758,  37 889,4.2,98.8,66,1.7,261,0.69,100.6,371,9.8,1.46,0.7,31.1,105,305,8.1,82,4.3,369,120,9.691667
63,Canada,EDUTRY,25_34,PC_AGE,A,2021,66.357666,POP,TOT,MLN_PER,A,38.226498,GDP,TOT,USD_CAP,A,53023.405782,81.6,38.226498,Country/Area,  38 019,  38 155,4.2,98.8,76,2,272,0.71,97.4,374,9.8,1.46,0.71,31.1,105,297,7.8,82.7,4.3,372,121,7.541667
66,France,EDUTRY,25_34,PC_AGE,A,1989,17.731331,POP,TOT,MLN_PER,A,56.423411,GDP,TOT,USD_CAP,A,16616.746609,76.7,56.423411,Country/Area,  56 046,  56 170,101.9,94.8,227,4,249,0.44,...,756,13.5,1.79,0.86,28.3,105,529,9.4,76.5,7.6,751,128,9.675
67,France,EDUTRY,25_34,PC_AGE,A,1991,20.082354,POP,TOT,MLN_PER,A,58.425681,GDP,TOT,USD_CAP,A,18341.987902,77.2,58.425681,Country/Area,  56 532,  56 645,102.7,94.7,223,3.9,227,0.4,...,747,13.2,1.77,0.85,28.6,105,524,9.3,77,7.3,743,130,9.625
68,France,EDUTRY,25_34,PC_AGE,A,1992,21.5602,POP,TOT,MLN_PER,A,58.711615,GDP,TOT,USD_CAP,A,18965.43462,77.5,58.711615,Country/Area,  56 759,  56 864,103.1,94.6,210,3.7,210,0.37,...,731,12.9,1.73,0.83,28.7,105,521,9.2,77.3,6.8,727,131,10.64167
69,France,EDUTRY,25_34,PC_AGE,A,1994,24.265591,POP,TOT,MLN_PER,A,59.175335,GDP,TOT,USD_CAP,A,20008.098899,78.0,59.175335,Country/Area,  57 138,  57 230,103.8,94.5,179,3.1,184,0.32,...,699,12.2,1.66,0.8,29,105,520,9.1,77.8,6,695,133,12.275
70,France,EDUTRY,25_34,PC_AGE,A,1995,25.39583,POP,TOT,MLN_PER,A,59.383991,GDP,TOT,USD_CAP,A,20782.665875,78.1,59.383991,Country/Area,  57 322,  57 420,104.1,94.4,185,3.2,197,0.34,...,716,12.5,1.71,0.82,29.1,105,531,9.2,77.9,5,713,134,11.95
71,France,EDUTRY,25_34,PC_AGE,A,1997,27.807184,POP,TOT,MLN_PER,A,59.795263,GDP,TOT,USD_CAP,A,22247.339246,78.6,59.795263,Country/Area,  57 728,  57 839,104.9,94.3,186,3.2,224,0.39,...,716,12.4,1.72,0.83,29.3,105,531,9.2,78.4,4.8,714,136,12.33333
72,France,EDUTRY,25_34,PC_AGE,A,1998,29.644657,POP,TOT,MLN_PER,A,60.011008,GDP,TOT,USD_CAP,A,23363.975956,78.8,60.011008,Country/Area,  57 951,  58 080,105.3,94.3,202,3.5,258,0.45,...,736,12.7,1.78,0.86,29.3,105,534,9.2,78.6,4.7,733,137,12.05
73,France,EDUTRY,25_34,PC_AGE,A,1999,30.937677,POP,TOT,MLN_PER,A,60.315406,GDP,TOT,USD_CAP,A,24311.403864,78.9,60.315406,Country/Area,  58 209,  58 352,105.8,94.2,208,3.6,285,0.49,...,746,12.8,1.81,0.87,29.3,105,538,9.2,78.8,4.4,743,138,11.31667
74,France,EDUTRY,25_34,PC_AGE,A,2000,31.375711,POP,TOT,MLN_PER,A,60.72478,GDP,TOT,USD_CAP,A,26099.7352,79.2,60.72478,Country/Area,  58 495,  58 665,106.4,94.2,238,4.1,341,0.58,119.3,769,13.1,1.88,0.9,29.4,105,531,9.1,79,4.6,766,139,9.558333
75,France,EDUTRY,25_34,PC_AGE,A,2001,34.232525,POP,TOT,MLN_PER,A,61.163237,GDP,TOT,USD_CAP,A,27499.541566,79.3,61.163237,Country/Area,  58 836,  59 015,107,94.2,235,4,358,0.61,114.4,766,13,1.88,0.91,29.4,105,531,9,79.2,4.5,763,140,8.741667
76,France,EDUTRY,25_34,PC_AGE,A,2002,36.053307,POP,TOT,MLN_PER,A,61.60455,GDP,TOT,USD_CAP,A,28528.156107,79.4,61.60455,Country/Area,  59 194,  59 373,107.7,94.1,221,3.7,358,0.6,114.8,756,12.7,1.87,0.9,29.5,105,535,9,79.4,4.2,753,141,8.633333
77,France,EDUTRY,25_34,PC_AGE,A,2003,37.855179,POP,TOT,MLN_PER,A,62.037544,GDP,TOT,USD_CAP,A,28178.57676,79.3,62.037544,Country/Area,  59 552,  59 728,108.3,94.1,204,3.4,353,0.59,117.5,755,12.7,1.87,0.91,29.5,105,551,9.2,79.4,4.1,752,142,8.516666
78,France,EDUTRY,25_34,PC_AGE,A,2004,38.220337,POP,TOT,MLN_PER,A,62.4908,GDP,TOT,USD_CAP,A,29065.215266,80.4,62.4908,Country/Area,  59 905,  60 108,109,94.1,253,4.2,408,0.68,102.2,761,12.7,1.9,0.92,29.6,105,508,8.5,80.3,4,759,143,8.9
79,France,EDUTRY,25_34,PC_AGE,A,2005,39.776222,POP,TOT,MLN_PER,A,62.958328,GDP,TOT,USD_CAP,A,30504.058784,80.4,62.958328,Country/Area,  60 312,  60 510,109.7,94,240,4,395,0.65,106,765,12.7,1.92,0.93,29.7,105,526,8.7,80.3,3.7,763,144,8.883333
80,France,EDUTRY,25_34,PC_AGE,A,2006,41.416058,POP,TOT,MLN_PER,A,63.393406,GDP,TOT,USD_CAP,A,32472.263308,81.0,63.393406,Country/Area,  60 708,  60 919,110.5,94,271,4.5,423,0.69,99.9,786,12.9,1.97,0.96,29.8,105,516,8.5,80.7,3.8,784,145,8.85
81,France,EDUTRY,25_34,PC_AGE,A,2007,41.444328,POP,TOT,MLN_PER,A,63.781275,GDP,TOT,USD_CAP,A,34132.697684,81.3,63.781275,Country/Area,  61 130,  61 329,111.2,93.9,256,4.2,398,0.65,106.8,776,12.7,1.95,0.95,29.8,105,520,8.5,81,3.7,774,146,8.016666
82,France,EDUTRY,25_34,PC_AGE,A,2008,40.825264,POP,TOT,MLN_PER,A,64.133174,GDP,TOT,USD_CAP,A,35102.870428,81.4,64.133174,Country/Area,  61 528,  61 721,111.9,93.9,257,4.2,385,0.63,110.9,789,12.8,1.99,0.96,29.9,105,532,8.6,81,3.7,786,147,7.433333
83,France,EDUTRY,25_34,PC_AGE,A,2009,43.149895,POP,TOT,MLN_PER,A,64.458715,GDP,TOT,USD_CAP,A,34686.479663,81.6,64.458715,Country/Area,  61 914,  62 093,112.6,93.8,250,4,359,0.58,119.9,788,12.7,1.99,0.96,29.9,105,538,8.7,81.2,3.8,786,148,9.116667
84,France,EDUTRY,25_34,PC_AGE,A,2010,42.87175,POP,TOT,MLN_PER,A,64.773169,GDP,TOT,USD_CAP,A,35910.195851,81.9,64.773169,Country/Area,  62 273,  62 445,113.3,93.8,257,4.1,343,0.55,126,798,12.8,2.02,0.98,30,105,541,8.7,81.4,3.6,795,149,9.275
85,France,EDUTRY,25_34,PC_AGE,A,2011,42.988277,POP,TOT,MLN_PER,A,65.087317,GDP,TOT,USD_CAP,A,37447.949543,82.3,65.087317,Country/Area,  62 616,  62 775,113.9,93.8,253,4,318,0.51,137,787,12.6,2,0.97,30,105,535,8.5,81.8,3.4,785,150,9.216666
86,France,EDUTRY,25_34,PC_AGE,A,2012,42.909988,POP,TOT,MLN_PER,A,65.402998,GDP,TOT,USD_CAP,A,37684.198067,82.1,65.402998,Country/Area,  62 934,  63 071,114.4,93.7,225,3.6,274,0.44,...,784,12.4,1.99,0.96,30.1,105,559,8.9,81.8,3.5,782,151,9.758333
87,France,EDUTRY,25_34,PC_AGE,A,2013,44.055721,POP,TOT,MLN_PER,A,65.735961,GDP,TOT,USD_CAP,A,39528.473644,82.4,65.735961,Country/Area,  63 209,  63 335,114.9,93.7,217,3.4,253,0.4,...,775,12.2,1.97,0.96,30.2,105,559,8.8,82,3.6,773,152,10.3
88,France,EDUTRY,25_34,PC_AGE,A,2014,44.726288,POP,TOT,MLN_PER,A,66.276671,GDP,TOT,USD_CAP,A,40144.059485,82.9,66.276671,Country/Area,  63 462,  63 588,115.3,93.7,227,3.6,253,0.4,...,774,12.2,1.98,0.96,30.3,105,547,8.6,82.5,3.5,771,153,10.275
89,France,EDUTRY,25_34,PC_AGE,A,2015,44.687599,POP,TOT,MLN_PER,A,66.512558,GDP,TOT,USD_CAP,A,40829.893311,82.4,66.512558,Country/Area,  63 715,  63 810,115.7,93.7,170,2.7,189,0.3,...,752,11.8,1.93,0.93,30.4,105,582,9.1,82.2,3.6,750,154,10.35
90,France,EDUTRY,25_34,PC_AGE,A,2016,44.036968,POP,TOT,MLN_PER,A,66.688563,GDP,TOT,USD_CAP,A,42855.944562,82.7,66.688563,Country/Area,  63 904,  63 989,116.1,93.7,155,2.4,170,0.27,...,736,11.5,1.89,0.92,30.5,105,581,9.1,82.4,3.6,734,155,10.06667
91,France,EDUTRY,25_34,PC_AGE,A,2017,44.34428,POP,TOT,MLN_PER,A,66.883314,GDP,TOT,USD_CAP,A,44444.934559,82.7,66.883314,Country/Area,  64 074,  64 144,116.3,93.7,126,2,140,0.22,...,721,11.2,1.86,0.9,30.6,105,595,9.3,82.5,3.8,719,156,9.425
92,France,EDUTRY,25_34,PC_AGE,A,2018,46.937691,POP,TOT,MLN_PER,A,67.125071,GDP,TOT,USD_CAP,A,46336.933985,82.8,67.125071,Country/Area,  64 214,  64 278,116.6,93.6,114,1.8,128,0.2,...,710,11.1,1.84,0.89,30.6,105,597,9.3,82.6,3.8,708,157,9.025
93,France,EDUTRY,25_34,PC_AGE,A,2019,48.052528,POP,TOT,MLN_PER,A,67.349922,GDP,TOT,USD_CAP,A,50226.680167,83.0,67.349922,Country/Area,  64 342,  64 400,116.8,93.6,99,1.5,116,0.18,...,701,10.9,1.83,0.89,30.6,105,603,9.4,82.7,3.7,699,158,8.433333
94,France,EDUTRY,25_34,PC_AGE,A,2020,49.449242,POP,TOT,MLN_PER,A,67.538482,GDP,TOT,USD_CAP,A,47829.935222,82.3,67.538482,Country/Area,  64 458,  64 480,116.9,93.6,26,0.4,45,0.07,...,682,10.6,1.79,0.87,30.6,105,656,10.2,82.2,3.7,680,159,8.033334
95,France,EDUTRY,25_34,PC_AGE,A,2021,50.256466,POP,TOT,MLN_PER,A,67.738863,GDP,TOT,USD_CAP,A,50997.632933,82.4,67.738863,Country/Area,  64 502,  64 531,117,93.6,38,0.6,58,0.09,...,677,10.5,1.79,0.87,30.6,105,640,9.9,82.5,3.6,675,160,7.875
98,Germany,EDUTRY,25_34,PC_AGE,A,1991,21.162483,POP,TOT,MLN_PER,A,80.013901,GDP,TOT,USD_CAP,A,21006.916849,75.7,80.013901,Country/Area,  79 597,  79 802,228.9,93.1,-73,-0.9,410,0.51,135.1,836,10.5,1.35,0.65,27.8,106,909,11.4,75.6,6.5,831,161,5.525
99,Germany,EDUTRY,25_34,PC_AGE,A,1992,20.452166,POP,TOT,MLN_PER,A,80.624601,GDP,TOT,USD_CAP,A,21755.46889,76.2,80.624601,Country/Area,  80 007,  80 205,230.1,93.4,-74,-0.9,396,0.49,...,810,10.1,1.31,0.63,28,105,884,11.1,76,6.1,806,162,6.566667
100,Germany,EDUTRY,25_34,PC_AGE,A,1994,20.338358,POP,TOT,MLN_PER,A,81.438346,GDP,TOT,USD_CAP,A,22879.403869,76.6,81.438346,Country/Area,  80 744,  80 882,232,94,-118,-1.5,277,0.34,...,766,9.5,1.25,0.6,28.3,106,884,11,76.4,5.5,762,164,8.45
101,Germany,EDUTRY,25_34,PC_AGE,A,1995,21.274153,POP,TOT,MLN_PER,A,81.678046,GDP,TOT,USD_CAP,A,23672.893332,76.7,81.678046,Country/Area,  81 021,  81 123,232.7,94.2,-125,-1.5,205,0.25,...,759,9.4,1.25,0.6,28.4,106,884,10.9,76.6,5.3,756,165,8.25
102,Germany,EDUTRY,25_34,PC_AGE,A,1997,21.040304,POP,TOT,MLN_PER,A,82.034775,GDP,TOT,USD_CAP,A,24730.827071,77.4,82.034775,Country/Area,  81 376,  81 436,233.6,94.5,-58,-0.7,121,0.15,...,803,9.9,1.36,0.66,28.6,106,861,10.6,77.2,4.8,799,167,9.675
103,Germany,EDUTRY,25_34,PC_AGE,A,1998,21.545525,POP,TOT,MLN_PER,A,82.047197,GDP,TOT,USD_CAP,A,25532.748584,77.8,82.047197,Country/Area,  81 496,  81 524,233.9,94.6,-69,-0.9,56,0.07,...,784,9.6,1.36,0.65,28.7,106,853,10.5,77.6,4.6,781,168,9.45
104,Germany,EDUTRY,25_34,PC_AGE,A,1999,21.528263,POP,TOT,MLN_PER,A,82.100243,GDP,TOT,USD_CAP,A,26510.228697,78.0,82.100243,Country/Area,  81 552,  81 557,234,94.7,-78,-1,9,0.01,...,770,9.4,1.36,0.66,28.8,106,848,10.4,77.8,4.5,767,169,8.625
105,Germany,EDUTRY,25_34,PC_AGE,A,2000,22.250971,POP,TOT,MLN_PER,A,82.211501,GDP,TOT,USD_CAP,A,27456.262771,78.3,82.211501,Country/Area,  81 562,  81 552,234,94.7,-81,-1,-20,-0.02,...,759,9.3,1.38,0.67,28.7,105,840,10.3,78.1,4.4,756,170,8.008333
106,Germany,EDUTRY,25_34,PC_AGE,A,2001,21.779524,POP,TOT,MLN_PER,A,82.349926,GDP,TOT,USD_CAP,A,28663.895351,78.6,82.349926,Country/Area,  81 542,  81 515,233.9,94.7,-103,-1.3,-54,-0.07,...,726,8.9,1.35,0.65,28.8,106,829,10.2,78.4,4.2,724,171,7.858333
107,Germany,EDUTRY,25_34,PC_AGE,A,2002,21.739561,POP,TOT,MLN_PER,A,82.488493,GDP,TOT,USD_CAP,A,29504.28924,78.6,82.488493,Country/Area,  81 487,  81 443,233.7,94.7,-134,-1.6,-88,-0.11,...,708,8.7,1.34,0.65,29,106,842,10.3,78.5,4.2,705,172,8.683333
108,Germany,EDUTRY,25_34,PC_AGE,A,2003,21.799734,POP,TOT,MLN_PER,A,82.534175,GDP,TOT,USD_CAP,A,30270.992251,78.6,82.534175,Country/Area,  81 399,  81 347,233.4,94.7,-160,-2,-105,-0.13,...,694,8.5,1.34,0.65,29.1,105,854,10.5,78.5,4.2,692,173,9.808333
109,Germany,EDUTRY,25_34,PC_AGE,A,2004,22.942751,POP,TOT,MLN_PER,A,82.516268,GDP,TOT,USD_CAP,A,31741.875731,79.3,82.516268,Country/Area,  81 294,  81 267,233.2,94.8,-128,-1.6,-55,-0.07,...,691,8.5,1.36,0.65,29.3,105,819,10.1,79.1,4.1,689,174,10.5
110,Germany,EDUTRY,25_34,PC_AGE,A,2005,22.494616,POP,TOT,MLN_PER,A,82.469421,GDP,TOT,USD_CAP,A,32236.740986,79.4,82.469421,Country/Area,  81 239,  81 212,233,94.9,-157,-1.9,-54,-0.07,...,673,8.3,1.34,0.65,29.4,105,830,10.2,79.3,3.9,671,175,11.28333
111,Germany,EDUTRY,25_34,PC_AGE,A,2006,21.983997,POP,TOT,MLN_PER,A,82.376447,GDP,TOT,USD_CAP,A,34664.541909,79.9,82.376447,Country/Area,  81 185,  81 178,232.9,95,-160,-2,-15,-0.02,...,662,8.2,1.34,0.64,29.6,106,822,10.1,79.6,3.8,660,176,10.275
112,Germany,EDUTRY,25_34,PC_AGE,A,2007,22.62182,POP,TOT,MLN_PER,A,82.266373,GDP,TOT,USD_CAP,A,36863.113348,80.1,82.266373,Country/Area,  81 170,  81 184,232.9,95.2,-154,-1.9,27,0.03,...,673,8.3,1.37,0.66,29.8,106,827,10.2,79.7,3.9,671,177,8.541667
113,Germany,EDUTRY,25_34,PC_AGE,A,2008,23.916872,POP,TOT,MLN_PER,A,82.110097,GDP,TOT,USD_CAP,A,38432.448211,80.2,82.110097,Country/Area,  81 197,  81 217,233,95.4,-171,-2.1,41,0.05,...,674,8.3,1.38,0.67,29.9,105,845,10.4,79.8,3.5,672,178,7.425
114,Germany,EDUTRY,25_34,PC_AGE,A,2009,25.655298,POP,TOT,MLN_PER,A,81.902308,GDP,TOT,USD_CAP,A,37465.456323,80.3,81.902308,Country/Area,  81 238,  81 261,233.1,95.7,-195,-2.4,46,0.06,...,660,8.1,1.36,0.66,30.1,105,856,10.5,79.9,3.5,658,179,7.225
115,Germany,EDUTRY,25_34,PC_AGE,A,2010,26.133959,POP,TOT,MLN_PER,A,81.776936,GDP,TOT,USD_CAP,A,39675.00238,80.5,81.776936,Country/Area,  81 283,  81 325,233.3,95.9,-184,-2.3,83,0.1,...,675,8.3,1.39,0.67,30.3,105,859,10.6,80.1,3.5,673,180,6.575
116,Germany,EDUTRY,25_34,PC_AGE,A,2011,27.67141,POP,TOT,MLN_PER,A,80.274981,GDP,TOT,USD_CAP,A,42541.513126,80.6,80.274981,Country/Area,  81 367,  81 423,233.6,96.2,-180,-2.2,113,0.14,...,673,8.3,1.39,0.67,30.4,105,853,10.5,80.4,3.6,671,181,5.516667
117,Germany,EDUTRY,25_34,PC_AGE,A,2012,28.956329,POP,TOT,MLN_PER,A,80.425826,GDP,TOT,USD_CAP,A,43359.541048,80.7,80.425826,Country/Area,  81 480,  81 546,234,96.5,-186,-2.3,131,0.16,...,685,8.4,1.41,0.68,30.5,105,870,10.7,80.5,3.3,683,182,5.083333
118,Germany,EDUTRY,25_34,PC_AGE,A,2013,29.995255,POP,TOT,MLN_PER,A,80.645605,GDP,TOT,USD_CAP,A,44993.667838,80.6,80.645605,Country/Area,  81 611,  81 681,234.3,96.7,-204,-2.5,139,0.17,...,692,8.5,1.42,0.69,30.7,105,895,11,80.5,3.3,690,183,4.95
119,Germany,EDUTRY,25_34,PC_AGE,A,2014,28.422802,POP,TOT,MLN_PER,A,80.982495,GDP,TOT,USD_CAP,A,47011.280402,81.2,80.982495,Country/Area,  81 750,  81 859,234.8,96.9,-152,-1.9,218,0.27,...,720,8.8,1.47,0.71,30.8,105,872,10.7,80.9,3.3,718,184,4.708333
120,Germany,EDUTRY,25_34,PC_AGE,A,2015,29.588667,POP,TOT,MLN_PER,A,81.686608,GDP,TOT,USD_CAP,A,47609.557159,80.7,81.686608,Country/Area,  81 968,  82 073,235.5,97.1,-187,-2.3,211,0.26,...,740,9,1.51,0.73,30.8,105,927,11.3,80.6,3.3,738,185,4.366667
121,Germany,EDUTRY,25_34,PC_AGE,A,2016,30.527618,POP,TOT,MLN_PER,A,82.348669,GDP,TOT,USD_CAP,A,50579.483717,81.0,82.348669,Country/Area,  82 179,  82 331,236.2,97.2,-127,-1.5,305,0.37,...,784,9.6,1.59,0.77,30.8,105,911,11.1,80.8,3.5,782,186,3.908333
122,Germany,EDUTRY,25_34,PC_AGE,A,2017,31.308737,POP,TOT,MLN_PER,A,82.657,GDP,TOT,USD_CAP,A,53071.478374,81.1,82.657,Country/Area,  82 484,  82 624,237,97.3,-150,-1.8,281,0.34,...,783,9.5,1.58,0.76,31,105,933,11.3,80.9,3.2,781,187,3.566667
123,Germany,EDUTRY,25_34,PC_AGE,A,2018,32.281734,POP,TOT,MLN_PER,A,82.905788,GDP,TOT,USD_CAP,A,55195.722049,81.0,82.905788,Country/Area,  82 765,  82 897,237.8,97.4,-129,-1.6,264,0.32,...,779,9.4,1.56,0.75,31.1,105,908,11,81.2,3.2,777,188,3.208333
124,Germany,EDUTRY,25_34,PC_AGE,A,2019,33.260235,POP,TOT,MLN_PER,A,83.092956,GDP,TOT,USD_CAP,A,57411.520685,81.3,83.092956,Country/Area,  83 029,  83 148,238.5,97.4,-122,-1.5,239,0.29,...,772,9.3,1.54,0.74,31.2,105,893,10.8,81.6,3.2,770,189,2.975
125,Germany,EDUTRY,25_34,PC_AGE,A,2020,34.876732,POP,TOT,MLN_PER,A,83.160877,GDP,TOT,USD_CAP,A,56454.181109,81.1,83.160877,Country/Area,  83 268,  83 329,239.1,97.4,-211,-2.5,123,0.15,...,760,9.1,1.52,0.73,31.1,106,972,11.7,81.1,3.1,758,190,3.625
126,Germany,EDUTRY,25_34,PC_AGE,A,2021,35.882999,POP,TOT,MLN_PER,A,83.196076,GDP,TOT,USD_CAP,A,59055.316879,80.8,83.196076,Country/Area,  83 390,  83 409,239.3,97.4,-276,-3.3,36,0.04,...,763,9.2,1.53,0.74,31.1,106,  1 039,12.5,80.6,3.1,761,191,3.575
128,Italy,EDUTRY,25_34,PC_AGE,A,1989,6.7387791,POP,TOT,MLN_PER,A,56.671778,GDP,TOT,USD_CAP,A,17630.654373,77.0,56.671778,Country/Area,  56 690,  56 712,191.6,94.3,30,0.5,44,0.08,...,562,9.9,1.33,0.64,28.7,106,531,9.4,76.9,8.6,557,198,9.7
129,Italy,EDUTRY,25_34,PC_AGE,A,1991,6.5751195,POP,TOT,MLN_PER,A,56.758522,GDP,TOT,USD_CAP,A,19545.586433,77.1,56.758522,Country/Area,  56 780,  56 794,191.9,94.2,9,0.2,30,0.05,...,561,9.9,1.31,0.62,29.1,106,552,9.7,77,8.4,557,200,8.516666
130,Italy,EDUTRY,25_34,PC_AGE,A,1992,6.7680349,POP,TOT,MLN_PER,A,56.797078,GDP,TOT,USD_CAP,A,20150.12707,77.5,56.797078,Country/Area,  56 809,  56 833,192,94.1,20,0.4,48,0.08,...,567,10,1.3,0.62,29.2,107,546,9.6,77.4,8.2,563,201,8.791667
131,Italy,EDUTRY,25_34,PC_AGE,A,1994,7.898859,POP,TOT,MLN_PER,A,56.8434,GDP,TOT,USD_CAP,A,21320.510106,78.0,56.8434,Country/Area,  56 882,  56 884,192.2,94,-21,-0.4,4,0.01,...,535,9.4,1.22,0.58,29.5,107,556,9.8,77.9,6.4,532,203,10.65
132,Italy,EDUTRY,25_34,PC_AGE,A,1995,8.2170544,POP,TOT,MLN_PER,A,56.844301,GDP,TOT,USD_CAP,A,22395.619943,78.3,56.844301,Country/Area,  56 886,  56 885,192.2,94,-30,-0.5,-1,0,...,525,9.2,1.19,0.57,29.8,106,556,9.8,78.1,6.2,523,204,11.18333
133,Italy,EDUTRY,25_34,PC_AGE,A,1998,8.9524889,POP,TOT,MLN_PER,A,56.906744,GDP,TOT,USD_CAP,A,25021.680907,79.1,56.906744,Country/Area,  56 938,  56 939,192.4,93.8,-41,-0.7,1,0,...,532,9.4,1.21,0.58,30.3,106,573,10.1,78.8,5.4,530,207,11.3
134,Italy,EDUTRY,25_34,PC_AGE,A,1999,9.9974318,POP,TOT,MLN_PER,A,56.916316,GDP,TOT,USD_CAP,A,25602.386484,79.6,56.916316,Country/Area,  56 939,  56 945,192.4,93.8,-29,-0.5,11,0.02,...,538,9.5,1.24,0.59,30.3,106,567,10,79.2,5.1,536,208,10.86667
135,Italy,EDUTRY,25_34,PC_AGE,A,2000,10.429003,POP,TOT,MLN_PER,A,56.942108,GDP,TOT,USD_CAP,A,27077.647701,79.9,56.942108,Country/Area,  56 951,  56 966,192.5,93.7,-18,-0.3,31,0.06,...,541,9.5,1.25,0.6,30.4,106,559,9.8,79.6,4.5,539,209,10.05
136,Italy,EDUTRY,25_34,PC_AGE,A,2001,11.754972,POP,TOT,MLN_PER,A,56.976976,GDP,TOT,USD_CAP,A,28036.302758,80.3,56.976976,Country/Area,  56 982,  56 995,192.6,93.7,-21,-0.4,26,0.05,...,534,9.4,1.25,0.6,30.5,106,556,9.8,79.9,4.6,532,210,9.008333
137,Italy,EDUTRY,25_34,PC_AGE,A,2002,12.461238,POP,TOT,MLN_PER,A,57.089823,GDP,TOT,USD_CAP,A,28721.076279,80.4,57.089823,Country/Area,  57 008,  57 108,192.9,93.7,-23,-0.4,199,0.35,...,536,9.4,1.27,0.61,30.6,106,559,9.8,80.1,4.4,534,211,8.475
138,Italy,EDUTRY,25_34,PC_AGE,A,2003,12.695857,POP,TOT,MLN_PER,A,57.399187,GDP,TOT,USD_CAP,A,29154.663843,80.1,57.399187,Country/Area,  57 207,  57 425,194,93.8,-42,-0.7,436,0.76,91.3,540,9.4,1.29,0.62,30.7,106,582,10.2,80.2,3.7,538,212,8.433333
139,Italy,EDUTRY,25_34,PC_AGE,A,2004,14.792785,POP,TOT,MLN_PER,A,57.828178,GDP,TOT,USD_CAP,A,29481.853691,80.9,57.828178,Country/Area,  57 643,  57 861,195.5,93.9,18,0.3,435,0.75,92.2,558,9.7,1.34,0.65,30.8,106,540,9.4,81,3.8,556,213,8.05
140,Italy,EDUTRY,25_34,PC_AGE,A,2005,16.105026,POP,TOT,MLN_PER,A,58.166684,GDP,TOT,USD_CAP,A,30028.488979,80.9,58.166684,Country/Area,  58 078,  58 200,196.6,94,-8,-0.1,243,0.42,...,556,9.6,1.34,0.65,30.8,106,563,9.7,81,3.6,554,214,7.783333
141,Italy,EDUTRY,25_34,PC_AGE,A,2006,17.283623,POP,TOT,MLN_PER,A,58.399863,GDP,TOT,USD_CAP,A,32309.294219,81.4,58.399863,Country/Area,  58 322,  58 430,197.4,94,6,0.1,217,0.37,...,560,9.6,1.37,0.66,30.9,106,554,9.5,81.4,3.5,558,215,6.866667
142,Italy,EDUTRY,25_34,PC_AGE,A,2007,18.863468,POP,TOT,MLN_PER,A,58.756247,GDP,TOT,USD_CAP,A,33960.788711,81.6,58.756247,Country/Area,  58 538,  58 778,198.6,94,-5,-0.1,480,0.82,84.8,562,9.6,1.4,0.67,31,106,567,9.7,81.5,3.3,560,216,6.15
143,Italy,EDUTRY,25_34,PC_AGE,A,2008,19.90484,POP,TOT,MLN_PER,A,59.211183,GDP,TOT,USD_CAP,A,35292.601856,81.7,59.211183,Country/Area,  59 019,  59 224,200.1,93.9,-2,0,411,0.69,99.9,575,9.7,1.44,0.7,31.1,106,577,9.8,81.6,3.3,573,217,6.775
144,Italy,EDUTRY,25_34,PC_AGE,A,2009,20.160688,POP,TOT,MLN_PER,A,59.555456,GDP,TOT,USD_CAP,A,34335.925384,81.8,59.555456,Country/Area,  59 430,  59 563,201.2,93.9,-14,-0.2,266,0.45,...,570,9.6,1.45,0.7,31.1,106,584,9.8,81.8,3.4,568,218,7.875
145,Italy,EDUTRY,25_34,PC_AGE,A,2010,20.719744,POP,TOT,MLN_PER,A,59.819402,GDP,TOT,USD_CAP,A,34838.135774,82.2,59.819402,Country/Area,  59 696,  59 822,202.1,93.8,-17,-0.3,253,0.42,...,563,9.4,1.45,0.7,31.2,106,580,9.7,82.1,3.2,562,219,8.541667
146,Italy,EDUTRY,25_34,PC_AGE,A,2011,20.983423,POP,TOT,MLN_PER,A,60.026844,GDP,TOT,USD_CAP,A,36203.328522,82.4,60.026844,Country/Area,  59 949,  60 026,202.8,93.8,-41,-0.7,154,0.26,...,548,9.2,1.43,0.69,31.3,106,590,9.8,82.2,3.1,547,220,8.508333
147,Italy,EDUTRY,25_34,PC_AGE,A,2012,22.250719,POP,TOT,MLN_PER,A,60.191243,GDP,TOT,USD_CAP,A,36091.373957,82.4,60.191243,Country/Area,  60 103,  60 190,203.4,93.8,-75,-1.2,174,0.29,...,534,8.9,1.42,0.69,31.4,106,609,10.1,82.3,3,533,221,10.88333
148,Italy,EDUTRY,25_34,PC_AGE,A,2013,22.744907,POP,TOT,MLN_PER,A,60.311616,GDP,TOT,USD_CAP,A,36267.925352,82.9,60.311616,Country/Area,  60 277,  60 313,203.8,94,-84,-1.4,70,0.12,...,511,8.5,1.38,0.67,31.5,106,595,9.9,82.7,2.9,510,222,12.36667
149,Italy,EDUTRY,25_34,PC_AGE,A,2014,24.158854,POP,TOT,MLN_PER,A,60.320708,GDP,TOT,USD_CAP,A,36475.976061,83.2,60.320708,Country/Area,  60 348,  60 323,203.8,94,-100,-1.7,-50,-0.08,...,495,8.2,1.37,0.66,31.5,106,595,9.9,82.9,2.8,494,223,12.825
150,Italy,EDUTRY,25_34,PC_AGE,A,2015,25.149963,POP,TOT,MLN_PER,A,60.229599,GDP,TOT,USD_CAP,A,37206.331822,82.7,60.229599,Country/Area,  60 298,  60 233,203.5,94.2,-164,-2.7,-130,-0.22,...,479,7.9,1.35,0.65,31.6,106,642,10.7,82.5,2.9,477,224,12.0
151,Italy,EDUTRY,25_34,PC_AGE,A,2016,25.584146,POP,TOT,MLN_PER,A,60.11522,GDP,TOT,USD_CAP,A,40267.222623,83.4,60.11522,Country/Area,  60 168,  60 119,203.1,94.4,-148,-2.5,-99,-0.16,...,466,7.8,1.34,0.65,31.7,106,614,10.2,83,2.8,465,225,11.75
152,Italy,EDUTRY,25_34,PC_AGE,A,2017,26.816479,POP,TOT,MLN_PER,A,60.002254,GDP,TOT,USD_CAP,A,41951.466331,83.1,60.002254,Country/Area,  60 069,  60 004,202.7,94.6,-201,-3.3,-130,-0.22,...,451,7.5,1.32,0.64,31.8,106,652,10.9,82.7,2.9,450,226,11.25833
153,Italy,EDUTRY,25_34,PC_AGE,A,2018,27.863623,POP,TOT,MLN_PER,A,59.877216,GDP,TOT,USD_CAP,A,43427.663143,83.4,59.877216,Country/Area,  59 939,  59 877,202.3,94.8,-199,-3.3,-123,-0.21,...,432,7.2,1.29,0.62,31.9,106,631,10.5,83.2,2.8,431,227,10.6
154,Italy,EDUTRY,25_34,PC_AGE,A,2019,27.931559,POP,TOT,MLN_PER,A,59.729077,GDP,TOT,USD_CAP,A,45799.741922,83.6,59.729077,Country/Area,  59 816,  59 728,201.8,94.9,-198,-3.3,-176,-0.3,...,418,7,1.27,0.61,32,106,616,10.3,83.6,2.4,417,228,9.933333
155,Italy,EDUTRY,25_34,PC_AGE,A,2020,28.628069,POP,TOT,MLN_PER,A,59.438845,GDP,TOT,USD_CAP,A,43150.115981,82.3,59.438845,Country/Area,  59 640,  59 501,201,95,-307,-5.2,-279,-0.47,...,410,6.9,1.26,0.61,32,106,717,12,82.4,2.3,409,229,9.3
156,Italy,EDUTRY,25_34,PC_AGE,A,2021,28.267422,POP,TOT,MLN_PER,A,59.133173,GDP,TOT,USD_CAP,A,47591.832142,82.7,59.133173,Country/Area,  59 361,  59 240,200.2,95.1,-270,-4.6,-242,-0.41,...,410,6.9,1.28,0.62,32,106,680,11.5,82.9,2.3,410,230,9.558333
158,Japan,EDUTRY,25_34,PC_AGE,A,1997,45.744064,POP,TOT,MLN_PER,A,126.166,GDP,TOT,USD_CAP,A,25629.420659,80.5,126.166,Country/Area,  125 884,  126 028,334.4,96.3,241,1.9,287,0.23,...,  1 210,9.6,1.39,0.67,29.5,105,970,7.7,80.6,3.7,1207,273,3.4
159,Japan,EDUTRY,25_34,PC_AGE,A,1998,46.062992,POP,TOT,MLN_PER,A,126.486,GDP,TOT,USD_CAP,A,25520.196541,80.6,126.486,Country/Area,  126 172,  126 308,335.2,96.2,217,1.7,274,0.22,...,  1 211,9.6,1.38,0.66,29.6,105,994,7.9,80.6,3.7,1208,274,4.108333
160,Japan,EDUTRY,25_34,PC_AGE,A,1999,45.76923,POP,TOT,MLN_PER,A,126.686,GDP,TOT,USD_CAP,A,25744.916581,80.5,126.686,Country/Area,  126 445,  126 555,335.8,96.1,147,1.2,220,0.17,...,  1 192,9.4,1.34,0.65,29.6,106,  1 045,8.3,80.6,3.4,1188,275,4.683333
161,Japan,EDUTRY,25_34,PC_AGE,A,2000,47.844826,POP,TOT,MLN_PER,A,126.925843,GDP,TOT,USD_CAP,A,27289.851934,81.2,126.925843,Country/Area,  126 665,  126 804,336.5,96,193,1.5,278,0.22,...,  1 218,9.6,1.37,0.66,29.6,106,  1 024,8.1,81.2,3.3,1214,276,4.716667
162,Japan,EDUTRY,25_34,PC_AGE,A,2001,48.525471,POP,TOT,MLN_PER,A,127.291,GDP,TOT,USD_CAP,A,27946.083138,81.5,127.291,Country/Area,  126 943,  127 066,337.2,95.9,153,1.2,246,0.19,...,  1 187,9.3,1.33,0.64,29.7,106,  1 034,8.1,81.5,3.1,1184,277,5.033333
163,Japan,EDUTRY,25_34,PC_AGE,A,2002,50.993023,POP,TOT,MLN_PER,A,127.435,GDP,TOT,USD_CAP,A,28633.69892,81.8,127.435,Country/Area,  127 189,  127 302,337.8,95.8,124,1,226,0.18,...,  1 172,9.2,1.32,0.64,29.7,106,  1 049,8.2,81.8,3,1169,278,5.375
164,Japan,EDUTRY,25_34,PC_AGE,A,2003,51.645981,POP,TOT,MLN_PER,A,127.619,GDP,TOT,USD_CAP,A,29411.592882,81.8,127.619,Country/Area,  127 415,  127 502,338.4,95.7,56,0.4,175,0.14,...,  1 142,9,1.29,0.62,29.8,106,  1 086,8.5,81.9,3,1139,279,5.258333
165,Japan,EDUTRY,25_34,PC_AGE,A,2004,52.640175,POP,TOT,MLN_PER,A,127.687,GDP,TOT,USD_CAP,A,30837.175423,82.1,127.687,Country/Area,  127 590,  127 671,338.8,95.6,27,0.2,163,0.13,...,  1 128,8.8,1.29,0.62,29.9,105,  1 101,8.6,82.1,2.8,1126,280,4.716667
166,Japan,EDUTRY,25_34,PC_AGE,A,2005,53.185596,POP,TOT,MLN_PER,A,127.767994,GDP,TOT,USD_CAP,A,32174.400107,82.0,127.767994,Country/Area,  127 753,  127 798,339.1,95.4,-62,-0.5,91,0.07,...,  1 102,8.6,1.27,0.62,30,105,  1 164,9.1,82,2.8,1100,281,4.425
167,Japan,EDUTRY,25_34,PC_AGE,A,2006,54.074074,POP,TOT,MLN_PER,A,127.900515,GDP,TOT,USD_CAP,A,33638.841255,82.4,127.900515,Country/Area,  127 844,  127 902,339.4,95.3,-44,-0.3,116,0.09,...,  1 123,8.8,1.32,0.64,30.1,105,  1 167,9.1,82.4,2.7,1120,282,4.141667
168,Japan,EDUTRY,25_34,PC_AGE,A,2007,53.696037,POP,TOT,MLN_PER,A,128.032743,GDP,TOT,USD_CAP,A,35021.732224,82.6,128.032743,Country/Area,  127 960,  128 006,339.7,95.2,-71,-0.6,92,0.07,...,  1 124,8.8,1.34,0.65,30.2,106,  1 195,9.3,82.6,2.6,1122,283,3.841667
169,Japan,EDUTRY,25_34,PC_AGE,A,2008,55.060974,POP,TOT,MLN_PER,A,128.08396,GDP,TOT,USD_CAP,A,35278.749846,82.7,128.08396,Country/Area,  128 053,  128 078,339.9,95.2,-108,-0.8,50,0.04,...,  1 125,8.8,1.37,0.66,30.3,105,  1 233,9.6,82.6,2.6,1123,284,3.991667
170,Japan,EDUTRY,25_34,PC_AGE,A,2009,55.667507,POP,TOT,MLN_PER,A,128.031514,GDP,TOT,USD_CAP,A,33550.689549,83.0,128.031514,Country/Area,  128 103,  128 117,340,95.1,-131,-1,29,0.02,...,  1 105,8.6,1.37,0.66,30.4,105,  1 235,9.6,83,2.4,1103,285,5.066667
171,Japan,EDUTRY,25_34,PC_AGE,A,2010,56.70573,POP,TOT,MLN_PER,A,128.057352,GDP,TOT,USD_CAP,A,35342.824721,82.9,128.057352,Country/Area,  128 131,  128 105,340,95,-200,-1.6,-52,-0.04,...,  1 095,8.6,1.39,0.67,30.5,106,  1 296,10.1,82.9,2.3,1093,286,5.05
172,Japan,EDUTRY,25_34,PC_AGE,A,2011,58.721333,POP,TOT,MLN_PER,A,127.834233,GDP,TOT,USD_CAP,A,36215.006272,82.7,127.834233,Country/Area,  128 079,  128 007,339.7,95,-284,-2.2,-144,-0.11,...,  1 073,8.4,1.39,0.67,30.6,106,  1 357,10.6,82.7,2.4,1071,287,4.583333
173,Japan,EDUTRY,25_34,PC_AGE,A,2012,58.554874,POP,TOT,MLN_PER,A,127.592657,GDP,TOT,USD_CAP,A,37628.675989,83.2,127.592657,Country/Area,  127 935,  127 854,339.3,94.9,-300,-2.3,-163,-0.13,...,  1 063,8.3,1.41,0.68,30.8,105,  1 364,10.7,83.2,2.2,1061,288,4.35
174,Japan,EDUTRY,25_34,PC_AGE,A,2013,58.368496,POP,TOT,MLN_PER,A,127.413888,GDP,TOT,USD_CAP,A,39436.682585,83.4,127.413888,Country/Area,  127 772,  127 679,338.8,94.9,-322,-2.5,-187,-0.15,...,  1 055,8.3,1.43,0.69,30.9,105,  1 377,10.8,83.4,2.1,1053,289,4.025
175,Japan,EDUTRY,25_34,PC_AGE,A,2014,58.585857,POP,TOT,MLN_PER,A,127.23715,GDP,TOT,USD_CAP,A,39559.763471,83.7,127.23715,Country/Area,  127 586,  127 477,338.3,94.8,-357,-2.8,-218,-0.17,...,  1 028,8.1,1.42,0.69,31,106,  1 385,10.9,83.7,2.1,1026,290,3.591667
176,Japan,EDUTRY,25_34,PC_AGE,A,2015,59.646538,POP,TOT,MLN_PER,A,127.094745,GDP,TOT,USD_CAP,A,40908.781547,83.9,127.094745,Country/Area,  127 368,  127 251,337.7,94.8,-384,-3,-234,-0.18,...,  1 021,8,1.44,0.7,31.2,105,  1 405,11,83.9,2,1019,291,3.375
177,Japan,EDUTRY,25_34,PC_AGE,A,2016,60.120392,POP,TOT,MLN_PER,A,127.041812,GDP,TOT,USD_CAP,A,40642.704531,84.1,127.041812,Country/Area,  127 134,  126 994,337,94.8,-437,-3.4,-280,-0.22,...,991,7.8,1.43,0.69,31.3,105,  1 428,11.3,84.1,2,989,292,3.116667
178,Japan,EDUTRY,25_34,PC_AGE,A,2017,60.426178,POP,TOT,MLN_PER,A,126.918546,GDP,TOT,USD_CAP,A,41531.221619,84.2,126.918546,Country/Area,  126 854,  126 662,336.1,94.7,-547,-4.3,-383,-0.3,...,917,7.2,1.35,0.66,31.3,105,  1 464,11.6,84.2,1.8,916,293,2.808333
179,Japan,EDUTRY,25_34,PC_AGE,A,2018,60.730949,POP,TOT,MLN_PER,A,126.748506,GDP,TOT,USD_CAP,A,42264.585123,84.3,126.748506,Country/Area,  126 471,  126 256,335.1,94.7,-608,-4.8,-431,-0.34,...,885,7,1.33,0.65,31.4,105,  1 493,11.8,84.3,1.9,884,294,2.441667
180,Japan,EDUTRY,25_34,PC_AGE,A,2019,61.514194,POP,TOT,MLN_PER,A,126.555078,GDP,TOT,USD_CAP,A,42427.125075,84.4,126.555078,Country/Area,  126 041,  125 792,333.8,94.6,-682,-5.4,-498,-0.4,...,837,6.7,1.29,0.62,31.4,105,  1 519,12.1,84.4,1.9,836,295,2.35
181,Japan,EDUTRY,25_34,PC_AGE,A,2020,63.54916,POP,TOT,MLN_PER,A,126.146099,GDP,TOT,USD_CAP,A,41867.153393,84.6,126.146099,Country/Area,  125 543,  125 245,332.4,94.6,-684,-5.5,-596,-0.48,...,828,6.6,1.29,0.63,31.4,105,  1 511,12.1,84.7,1.8,826,296,2.775
182,Japan,EDUTRY,25_34,PC_AGE,A,2021,64.814812,POP,TOT,MLN_PER,A,125.50229,GDP,TOT,USD_CAP,A,42895.146536,84.5,125.50229,Country/Area,  124 947,  124 613,330.7,94.6,-756,-6.1,-668,-0.54,...,819,6.6,1.3,0.63,31.4,105,  1 575,12.6,84.8,1.8,817,297,2.816667
184,Republic of Korea,EDUTRY,25_34,PC_AGE,A,1995,28.806385,POP,TOT,MLN_PER,A,45.092991,GDP,TOT,USD_CAP,A,13502.580041,73.8,45.092991,Country/Area,  45 282,  45 393,458.8,101,454,10,224,0.49,...,696,15.3,1.63,0.75,28.1,113,242,5.3,73.9,9,690,304,2.066667
185,Republic of Korea,EDUTRY,25_34,PC_AGE,A,1997,30.871248,POP,TOT,MLN_PER,A,45.95358,GDP,TOT,USD_CAP,A,15721.561966,74.7,45.95358,Country/Area,  45 815,  45 962,464.5,101,420,9.1,295,0.64,108.1,659,14.3,1.55,0.73,28.4,109,239,5.2,75,7.8,655,306,2.616667
186,Republic of Korea,EDUTRY,25_34,PC_AGE,A,1998,33.83152,POP,TOT,MLN_PER,A,46.286503,GDP,TOT,USD_CAP,A,14974.498788,75.1,46.286503,Country/Area,  46 110,  46 250,467.4,101,394,8.5,281,0.61,114,632,13.7,1.49,0.7,28.5,110,238,5.1,75.5,7.4,628,307,6.95
187,Republic of Korea,EDUTRY,25_34,PC_AGE,A,1999,34.837105,POP,TOT,MLN_PER,A,46.616677,GDP,TOT,USD_CAP,A,16807.013023,75.5,46.616677,Country/Area,  46 391,  46 520,470.2,101,370,8,259,0.56,124.4,607,13,1.45,0.68,28.7,110,236,5.1,76,6.9,603,308,6.583333
188,Republic of Korea,EDUTRY,25_34,PC_AGE,A,2000,36.81242,POP,TOT,MLN_PER,A,47.008111,GDP,TOT,USD_CAP,A,18538.879306,76.0,47.008111,Country/Area,  46 650,  46 789,472.9,101,350,7.5,277,0.59,117.1,586,12.5,1.42,0.66,28.9,110,236,5,76.5,6.5,583,309,4.425
189,Republic of Korea,EDUTRY,25_34,PC_AGE,A,2001,38.955528,POP,TOT,MLN_PER,A,47.370164,GDP,TOT,USD_CAP,A,19724.494236,76.5,47.370164,Country/Area,  46 927,  47 065,475.7,100.9,302,6.4,275,0.59,118.5,531,11.3,1.3,0.61,29.1,109,229,4.9,77.3,6.1,528,310,4.0
190,Republic of Korea,EDUTRY,25_34,PC_AGE,A,2002,41.017273,POP,TOT,MLN_PER,A,47.644736,GDP,TOT,USD_CAP,A,21396.719189,76.8,47.644736,Country/Area,  47 202,  47 321,478.3,100.7,250,5.3,236,0.5,...,483,10.2,1.2,0.56,29.3,110,233,4.9,77.5,5.8,481,311,3.258333
191,Republic of Korea,EDUTRY,25_34,PC_AGE,A,2003,46.514172,POP,TOT,MLN_PER,A,47.89233,GDP,TOT,USD_CAP,A,22096.023078,77.3,47.89233,Country/Area,  47 439,  47 540,480.5,100.5,224,4.7,202,0.42,...,468,9.9,1.17,0.55,29.5,109,244,5.1,77.5,5.5,466,312,3.55
192,Republic of Korea,EDUTRY,25_34,PC_AGE,A,2004,49.056168,POP,TOT,MLN_PER,A,48.082519,GDP,TOT,USD_CAP,A,23773.590825,77.8,48.082519,Country/Area,  47 641,  47 727,482.4,100.3,207,4.3,173,0.36,...,452,9.5,1.14,0.54,29.7,108,245,5.1,78,5.1,450,313,3.658333
193,Republic of Korea,EDUTRY,25_34,PC_AGE,A,2005,50.858059,POP,TOT,MLN_PER,A,48.184561,GDP,TOT,USD_CAP,A,25186.638103,78.2,48.184561,Country/Area,  47 814,  47 890,484,100.1,188,3.9,151,0.32,...,433,9,1.1,0.52,29.9,108,245,5.1,78.5,4.7,431,314,3.75
194,Republic of Korea,EDUTRY,25_34,PC_AGE,A,2006,52.953865,POP,TOT,MLN_PER,A,48.438292,GDP,TOT,USD_CAP,A,26884.429402,78.8,48.438292,Country/Area,  47 965,  48 049,485.6,99.9,197,4.1,168,0.35,...,440,9.2,1.13,0.54,30.1,107,244,5.1,79.1,4.4,439,315,3.475
195,Republic of Korea,EDUTRY,25_34,PC_AGE,A,2007,55.490356,POP,TOT,MLN_PER,A,48.683638,GDP,TOT,USD_CAP,A,29064.701966,79.2,48.683638,Country/Area,  48 134,  48 221,487.4,99.8,214,4.4,174,0.36,...,461,9.6,1.19,0.57,30.3,106,247,5.1,79.5,4.1,459,316,3.258333
196,Republic of Korea,EDUTRY,25_34,PC_AGE,A,2008,57.842369,POP,TOT,MLN_PER,A,49.054708,GDP,TOT,USD_CAP,A,29945.899216,79.6,49.054708,Country/Area,  48 308,  48 399,489.2,99.6,202,4.2,182,0.38,...,449,9.3,1.18,0.57,30.4,106,247,5.1,80,3.8,448,317,3.175
197,Republic of Korea,EDUTRY,25_34,PC_AGE,A,2009,60.575958,POP,TOT,MLN_PER,A,49.307835,GDP,TOT,USD_CAP,A,29508.282758,80.0,49.307835,Country/Area,  48 490,  48 588,491.1,99.5,192,4,197,0.41,...,439,9,1.17,0.56,30.6,106,247,5.1,80.6,3.6,438,318,3.633333
198,Republic of Korea,EDUTRY,25_34,PC_AGE,A,2010,61.449047,POP,TOT,MLN_PER,A,49.554112,GDP,TOT,USD_CAP,A,31736.700156,80.2,49.554112,Country/Area,  48 686,  48 813,493.3,99.4,197,4,253,0.52,133.6,453,9.3,1.22,0.58,30.8,107,256,5.2,80.8,3.5,452,319,3.708333
199,Republic of Korea,EDUTRY,25_34,PC_AGE,A,2011,63.734528,POP,TOT,MLN_PER,A,49.936638,GDP,TOT,USD_CAP,A,32546.517725,80.6,49.936638,Country/Area,  48 940,  49 170,497,99.5,201,4.1,461,0.94,74,459,9.4,1.25,0.6,31,106,259,5.3,81.2,3.3,458,320,3.408333
200,Republic of Korea,EDUTRY,25_34,PC_AGE,A,2012,65.603264,POP,TOT,MLN_PER,A,50.199853,GDP,TOT,USD_CAP,A,33557.030447,80.9,50.199853,Country/Area,  49 400,  49 634,501.6,99.7,193,3.9,468,0.94,73.5,461,9.3,1.26,0.61,31.1,106,268,5.4,81.3,3.2,460,321,3.225
201,Republic of Korea,EDUTRY,25_34,PC_AGE,A,2013,67.088554,POP,TOT,MLN_PER,A,50.428893,GDP,TOT,USD_CAP,A,34244.239492,81.4,50.428893,Country/Area,  49 868,  50 098,506.3,99.9,172,3.4,460,0.92,75.5,440,8.8,1.21,0.59,31.3,105,268,5.4,81.9,3.1,439,322,3.1
202,Republic of Korea,EDUTRY,25_34,PC_AGE,A,2014,67.665947,POP,TOT,MLN_PER,A,50.746659,GDP,TOT,USD_CAP,A,35324.260296,81.8,50.746659,Country/Area,  50 328,  50 558,511,100.1,163,3.2,460,0.91,76.3,432,8.6,1.2,0.58,31.5,105,269,5.3,82.4,3,431,323,3.491667
203,Republic of Korea,EDUTRY,25_34,PC_AGE,A,2015,68.861946,POP,TOT,MLN_PER,A,51.014947,GDP,TOT,USD_CAP,A,37902.361018,82.1,51.014947,Country/Area,  50 788,  50 994,515.4,100.3,147,2.9,413,0.81,85.6,426,8.4,1.2,0.58,31.7,105,279,5.5,82.6,2.9,424,324,3.591667
204,Republic of Korea,EDUTRY,25_34,PC_AGE,A,2016,69.851555,POP,TOT,MLN_PER,A,51.217803,GDP,TOT,USD_CAP,A,39575.302078,82.4,51.217803,Country/Area,  51 201,  51 310,518.6,100.3,116,2.3,218,0.43,...,400,7.8,1.15,0.56,31.9,105,284,5.5,82.9,2.8,399,325,3.675
205,Republic of Korea,EDUTRY,25_34,PC_AGE,A,2017,69.752068,POP,TOT,MLN_PER,A,51.361911,GDP,TOT,USD_CAP,A,40957.347064,82.7,51.361911,Country/Area,  51 419,  51 512,520.6,100.2,73,1.4,185,0.36,...,361,7,1.05,0.51,32.1,106,288,5.6,83.3,2.7,360,326,3.683333
206,Republic of Korea,EDUTRY,25_34,PC_AGE,A,2018,69.574219,POP,TOT,MLN_PER,A,51.585058,GDP,TOT,USD_CAP,A,43044.340145,82.7,51.585058,Country/Area,  51 604,  51 677,522.3,100.1,27,0.5,145,0.28,...,329,6.4,0.97,0.47,32.4,106,302,5.9,83.3,2.7,328,327,3.833333
207,Republic of Korea,EDUTRY,25_34,PC_AGE,A,2019,69.802818,POP,TOT,MLN_PER,A,51.764822,GDP,TOT,USD_CAP,A,43410.152957,83.3,51.764822,Country/Area,  51 750,  51 804,523.6,99.9,-2,0,109,0.21,...,306,5.9,0.91,0.44,32.6,106,309,6,83.7,2.6,306,328,3.783333
208,Republic of Korea,EDUTRY,25_34,PC_AGE,A,2020,69.812752,POP,TOT,MLN_PER,A,51.836239,GDP,TOT,USD_CAP,A,44694.939796,83.5,51.836239,Country/Area,  51 858,  51 845,524,99.8,-27,-0.5,-27,-0.05,...,294,5.7,0.89,0.43,32.6,106,321,6.2,83.6,2.5,294,329,3.941667
209,Republic of Korea,EDUTRY,25_34,PC_AGE,A,2021,69.288513,POP,TOT,MLN_PER,A,51.744876,GDP,TOT,USD_CAP,A,47068.423631,83.6,51.744876,Country/Area,  51 831,  51 830,523.8,99.8,-46,-0.9,-2,0,...,289,5.6,0.88,0.43,32.5,106,335,6.5,83.7,2.4,288,330,3.675
211,Mexico,EDUTRY,25_34,PC_AGE,A,1997,16.726521,POP,TOT,MLN_PER,A,94.720541,GDP,TOT,USD_CAP,A,9456.139259,73.1,94.720541,Country/Area,  92 389,  93 183,47.6,96.1,  1 901,20.4,  1 588,1.7,40.7,  2 381,25.5,2.87,1.35,27.4,104,481,5.2,72.4,26.7,2325,341,3.735
212,Mexico,EDUTRY,25_34,PC_AGE,A,1998,16.657288,POP,TOT,MLN_PER,A,96.11696,GDP,TOT,USD_CAP,A,9925.675065,73.5,96.11696,Country/Area,  93 977,  94 767,48.4,96,  1 883,19.8,  1 580,1.67,41.6,  2 366,24.9,2.8,1.32,27.4,104,483,5.1,72.8,25.6,2313,342,3.16
213,Mexico,EDUTRY,25_34,PC_AGE,A,1999,16.283022,POP,TOT,MLN_PER,A,97.482584,GDP,TOT,USD_CAP,A,10216.053137,74.0,97.482584,Country/Area,  95 557,  96 335,49.2,95.9,  1 890,19.6,  1 555,1.61,42.9,  2 376,24.6,2.77,1.31,27.3,104,486,5,73.2,24.5,2324,343,2.505
214,Mexico,EDUTRY,25_34,PC_AGE,A,2000,17.454798,POP,TOT,MLN_PER,A,98.785275,GDP,TOT,USD_CAP,A,10870.092123,74.7,98.785275,Country/Area,  97 112,  97 873,50,95.9,  1 879,19.2,  1 523,1.56,44.5,  2 369,24.2,2.72,1.28,27.3,104,490,5,73.6,23.4,2320,344,2.505833
215,Mexico,EDUTRY,25_34,PC_AGE,A,2001,18.090631,POP,TOT,MLN_PER,A,100.105299,GDP,TOT,USD_CAP,A,10937.137897,75.0,100.105299,Country/Area,  98 635,  99 394,50.7,95.8,  1 867,18.8,  1 519,1.53,45.4,  2 361,23.7,2.67,1.26,27.2,104,494,5,73.9,22.4,2314,345,2.756667
216,Mexico,EDUTRY,25_34,PC_AGE,A,2002,18.558001,POP,TOT,MLN_PER,A,101.493987,GDP,TOT,USD_CAP,A,10999.980338,75.1,101.493987,Country/Area,  100 154,  100 917,51.5,95.8,  1 851,18.3,  1 527,1.51,45.8,  2 351,23.3,2.62,1.24,27.1,104,500,4.9,74.1,21.5,2305,346,2.978333
217,Mexico,EDUTRY,25_34,PC_AGE,A,2003,18.899502,POP,TOT,MLN_PER,A,102.890474,GDP,TOT,USD_CAP,A,11308.492366,75.1,102.890474,Country/Area,  101 680,  102 429,52.3,95.9,  1 830,17.8,  1 498,1.46,47.4,  2 339,22.8,2.58,1.22,27,104,509,5,74.3,20.7,2296,347,3.405833
218,Mexico,EDUTRY,25_34,PC_AGE,A,2004,19.467903,POP,TOT,MLN_PER,A,104.272444,GDP,TOT,USD_CAP,A,11926.995989,75.4,104.272444,Country/Area,  103 178,  103 946,53.1,95.9,  1 806,17.4,  1 535,1.48,46.9,  2 326,22.4,2.54,1.21,26.9,104,521,5,74.4,19.9,2285,348,3.915833
219,Mexico,EDUTRY,25_34,PC_AGE,A,2005,14.924469,POP,TOT,MLN_PER,A,105.669369,GDP,TOT,USD_CAP,A,12521.726831,75.2,105.669369,Country/Area,  104 713,  105 442,53.8,95.9,  1 776,16.8,  1 458,1.38,50.1,  2 313,21.9,2.5,1.19,26.9,104,536,5.1,74.4,19.2,2273,349,3.595785
220,Mexico,EDUTRY,25_34,PC_AGE,A,2006,15.65289,POP,TOT,MLN_PER,A,107.155391,GDP,TOT,USD_CAP,A,13703.791516,75.5,107.155391,Country/Area,  106 172,  106 887,54.6,95.9,  1 743,16.3,  1 431,1.34,51.8,  2 297,21.5,2.46,1.17,26.9,104,554,5.2,74.3,18.5,2259,350,3.596744
221,Mexico,EDUTRY,25_34,PC_AGE,A,2007,16.287527,POP,TOT,MLN_PER,A,108.744845,GDP,TOT,USD_CAP,A,14215.817736,75.4,108.744845,Country/Area,  107 602,  108 303,55.3,95.9,  1 711,15.8,  1 402,1.29,53.6,  2 286,21.1,2.42,1.15,26.8,104,575,5.3,74.2,17.8,2250,351,3.721604
222,Mexico,EDUTRY,25_34,PC_AGE,A,2008,16.384148,POP,TOT,MLN_PER,A,110.405454,GDP,TOT,USD_CAP,A,14859.233988,75.2,110.405454,Country/Area,  109 004,  109 684,56,95.9,  1 683,15.3,  1 361,1.24,55.9,  2 279,20.7,2.39,1.14,26.7,104,596,5.4,74.2,17.2,2244,352,3.974655
223,Mexico,EDUTRY,25_34,PC_AGE,A,2009,17.244875,POP,TOT,MLN_PER,A,112.095388,GDP,TOT,USD_CAP,A,14497.970039,74.9,112.095388,Country/Area,  110 365,  111 049,56.7,95.9,  1 658,14.9,  1 369,1.23,56.3,  2 273,20.4,2.36,1.13,26.7,104,615,5.5,74.1,16.7,2239,353,5.479068
224,Mexico,EDUTRY,25_34,PC_AGE,A,2010,17.700443,POP,TOT,MLN_PER,A,113.748671,GDP,TOT,USD_CAP,A,15228.501123,74.8,113.748671,Country/Area,  111 734,  112 532,57.4,95.9,  1 638,14.6,  1 597,1.42,48.8,  2 268,20.2,2.34,1.12,26.6,104,630,5.6,74.2,16.1,2236,354,5.380876
225,Mexico,EDUTRY,25_34,PC_AGE,A,2011,18.792442,POP,TOT,MLN_PER,A,115.367452,GDP,TOT,USD_CAP,A,16521.774435,74.9,115.367452,Country/Area,  113 331,  114 150,58.3,95.9,  1 635,14.3,  1 639,1.44,48.3,  2 274,19.9,2.32,1.11,26.6,104,639,5.6,74.4,15.6,2242,355,5.233573
226,Mexico,EDUTRY,25_34,PC_AGE,A,2012,20.029097,POP,TOT,MLN_PER,A,116.93567,GDP,TOT,USD_CAP,A,17195.057014,75.0,116.93567,Country/Area,  114 970,  115 756,59.1,95.9,  1 620,14,  1 572,1.36,51,  2 273,19.6,2.29,1.1,26.5,104,653,5.6,74.6,15.1,2243,356,4.952769
227,Mexico,EDUTRY,25_34,PC_AGE,A,2013,20.856949,POP,TOT,MLN_PER,A,118.453929,GDP,TOT,USD_CAP,A,17437.042083,75.0,118.453929,Country/Area,  116 542,  117 291,59.9,95.9,  1 599,13.6,  1 498,1.28,54.3,  2 268,19.3,2.27,1.09,26.5,104,668,5.7,74.7,14.6,2238,357,4.929466
228,Mexico,EDUTRY,25_34,PC_AGE,A,2014,20.312202,POP,TOT,MLN_PER,A,119.936411,GDP,TOT,USD_CAP,A,18153.351036,75.0,119.936411,Country/Area,  118 039,  118 756,60.6,95.9,  1 533,12.9,  1 433,1.21,57.4,  2 223,18.7,2.21,1.06,26.5,104,690,5.8,74.8,14.2,2195,358,4.828958
229,Mexico,EDUTRY,25_34,PC_AGE,A,2015,20.806568,POP,TOT,MLN_PER,A,121.3478,GDP,TOT,USD_CAP,A,18430.218897,74.7,121.3478,Country/Area,  119 472,  120 150,61.3,95.9,  1 437,12,  1 355,1.13,61.4,  2 159,18,2.14,1.02,26.6,104,722,6,74.7,13.7,2133,359,4.352943
230,Mexico,EDUTRY,25_34,PC_AGE,A,2016,21.791378,POP,TOT,MLN_PER,A,122.715165,GDP,TOT,USD_CAP,A,19791.259772,74.8,122.715165,Country/Area,  120 827,  121 519,62,95.9,  1 350,11.1,  1 383,1.14,60.9,  2 116,17.4,2.09,1,26.7,104,766,6.3,74.4,13.3,2092,360,3.881356
231,Mexico,EDUTRY,25_34,PC_AGE,A,2017,22.555721,POP,TOT,MLN_PER,A,124.041731,GDP,TOT,USD_CAP,A,20201.856549,74.9,124.041731,Country/Area,  122 211,  122 839,62.7,95.9,  1 269,10.3,  1 257,1.02,67.8,  2 082,16.9,2.04,0.98,26.8,104,812,6.6,74.1,12.8,2058,361,3.419046
232,Mexico,EDUTRY,25_34,PC_AGE,A,2018,23.359127,POP,TOT,MLN_PER,A,125.327797,GDP,TOT,USD_CAP,A,20561.246895,75.0,125.327797,Country/Area,  123 468,  124 014,63.3,95.8,  1 192,9.6,  1 093,0.88,78.7,  2 042,16.5,2,0.96,26.8,104,850,6.9,74,12.4,2020,362,3.320195
233,Mexico,EDUTRY,25_34,PC_AGE,A,2019,23.587111,POP,TOT,MLN_PER,A,126.577691,GDP,TOT,USD_CAP,A,20244.557477,75.1,126.577691,Country/Area,  124 560,  125 085,63.8,95.8,  1 098,8.8,  1 050,0.84,82.5,  1 965,15.7,1.92,0.92,26.9,104,867,6.9,74.2,12,1945,363,3.490462
234,Mexico,EDUTRY,25_34,PC_AGE,A,2020,25.290871,POP,TOT,MLN_PER,A,127.792286,GDP,TOT,USD_CAP,A,18465.575374,75.2,127.792286,Country/Area,  125 610,  125 998,64.3,95.6,786,6.2,776,0.62,112.5,  1 961,15.6,1.91,0.91,26.9,104,  1 176,9.3,70.1,11.6,1941,364,4.431634
235,Mexico,EDUTRY,25_34,PC_AGE,A,2021,27.056374,POP,TOT,MLN_PER,A,128.972439,GDP,TOT,USD_CAP,A,19438.782132,75.4,128.972439,Country/Area,  126 386,  126 705,64.7,95.4,691,5.5,638,0.5,137.5,  1 882,14.9,1.82,0.87,27,104,  1 192,9.4,70.2,11.3,1864,365,4.138621
249,Trkiye,EDUTRY,25_34,PC_AGE,A,2005,12.508089,POP,TOT,MLN_PER,A,68.43538,GDP,TOT,USD_CAP,A,11910.606724,73.1,68.43538,Country/Area,  68 251,  68 705,89.3,101,931,13.6,908,1.32,52.5,  1 299,18.9,2.22,1.05,27.5,106,368,5.4,73.5,21.8,1274,366,9.508333
250,Trkiye,EDUTRY,25_34,PC_AGE,A,2006,13.459621,POP,TOT,MLN_PER,A,69.295253,GDP,TOT,USD_CAP,A,13640.767727,73.4,69.295253,Country/Area,  69 159,  69 601,90.4,101,945,13.6,886,1.27,54.5,  1 316,18.9,2.23,1.05,27.4,106,371,5.3,73.8,20.3,1292,367,9.066667
251,Trkiye,EDUTRY,25_34,PC_AGE,A,2007,14.199503,POP,TOT,MLN_PER,A,70.1581115,GDP,TOT,USD_CAP,A,14864.955058,73.7,70.1581115,Country/Area,  70 044,  70 469,91.6,101,935,13.3,850,1.21,57.5,  1 308,18.6,2.2,1.04,27.5,106,373,5.3,74.2,18.9,1286,368,9.158334
252,Trkiye,EDUTRY,25_34,PC_AGE,A,2008,15.463108,POP,TOT,MLN_PER,A,71.051689,GDP,TOT,USD_CAP,A,16038.231645,73.9,71.051689,Country/Area,  70 894,  71 321,92.7,100.9,929,13,854,1.2,57.9,  1 307,18.3,2.18,1.03,27.5,106,378,5.3,74.5,17.6,1287,369,10.025
253,Trkiye,EDUTRY,25_34,PC_AGE,A,2009,16.639408,POP,TOT,MLN_PER,A,72.039215,GDP,TOT,USD_CAP,A,15442.774202,74.1,72.039215,Country/Area,  71 748,  72 226,93.8,100.9,924,12.8,956,1.32,52.4,  1 304,18.1,2.16,1.03,27.6,106,380,5.3,74.8,16.4,1285,370,13.04167
254,Trkiye,EDUTRY,25_34,PC_AGE,A,2010,17.447386,POP,TOT,MLN_PER,A,73.142162,GDP,TOT,USD_CAP,A,17345.833613,74.3,73.142162,Country/Area,  72 703,  73 195,95.1,100.9,914,12.5,984,1.34,51.6,  1 298,17.7,2.14,1.02,27.8,106,384,5.3,75.1,15.3,1281,371,11.15
255,Trkiye,EDUTRY,25_34,PC_AGE,A,2011,18.87298,POP,TOT,MLN_PER,A,74.223642,GDP,TOT,USD_CAP,A,19590.858369,74.6,74.223642,Country/Area,  73 687,  74 174,96.4,100.9,904,12.2,973,1.31,52.8,  1 308,17.6,2.13,1.02,27.8,106,403,5.4,74.9,14.3,1291,372,9.141666
256,Trkiye,EDUTRY,25_34,PC_AGE,A,2012,20.998264,POP,TOT,MLN_PER,A,75.175836,GDP,TOT,USD_CAP,A,20627.440729,74.6,75.175836,Country/Area,  74 660,  75 277,97.8,100.8,936,12.5,  1 234,1.64,42.3,  1 327,17.7,2.15,1.02,28,106,391,5.2,75.7,13.4,1312,373,8.433333
257,Trkiye,EDUTRY,25_34,PC_AGE,A,2013,22.456688,POP,TOT,MLN_PER,A,76.147634,GDP,TOT,USD_CAP,A,22373.136543,78.0,76.147634,Country/Area,  75 894,  76 576,99.5,100.8,970,12.7,  1 363,1.78,38.9,  1 355,17.7,2.17,1.03,28.2,106,385,5,76.3,12.5,1340,374,9.05
258,Trkiye,EDUTRY,25_34,PC_AGE,A,2014,24.793388,POP,TOT,MLN_PER,A,77.181894,GDP,TOT,USD_CAP,A,24104.984583,78.0,77.181894,Country/Area,  77 258,  78 112,101.5,100.8,  1 005,12.9,  1 708,2.19,31.7,  1 398,18,2.2,1.05,28.3,106,392,5,76.6,11.7,1383,375,9.883333
259,Trkiye,EDUTRY,25_34,PC_AGE,A,2015,27.517448,POP,TOT,MLN_PER,A,78.218488,GDP,TOT,USD_CAP,A,25855.912681,78.0,78.218488,Country/Area,  78 966,  79 646,103.5,100.8,  1 018,12.8,  1 360,1.71,40.6,  1 426,17.9,2.19,1.05,28.5,106,407,5.1,76.6,11,1412,376,10.33333
260,Trkiye,EDUTRY,25_34,PC_AGE,A,2016,30.456598,POP,TOT,MLN_PER,A,79.277971,GDP,TOT,USD_CAP,A,26695.909373,78.0,79.277971,Country/Area,  80 326,  81 019,105.3,100.7,  1 011,12.5,  1 387,1.71,40.5,  1 434,17.7,2.18,1.04,28.5,106,423,5.2,76.7,10.4,1421,377,10.90833
261,Trkiye,EDUTRY,25_34,PC_AGE,A,2017,31.588659,POP,TOT,MLN_PER,A,80.312708,GDP,TOT,USD_CAP,A,28193.061398,78.1,80.312708,Country/Area,  81 713,  82 090,106.7,100.7,  1 006,12.2,754,0.92,75.4,  1 428,17.4,2.14,1.03,28.6,105,422,5.1,77.1,9.7,1416,378,10.925
262,Trkiye,EDUTRY,25_34,PC_AGE,A,2018,33.280041,POP,TOT,MLN_PER,A,81.407211,GDP,TOT,USD_CAP,A,28281.473275,78.3,81.407211,Country/Area,  82 467,  82 809,107.6,100.6,947,11.4,685,0.83,83.8,  1 367,16.5,2.05,0.99,28.8,105,420,5.1,77.6,9.1,1356,379,10.89167
263,Trkiye,EDUTRY,25_34,PC_AGE,A,2019,35.325356,POP,TOT,MLN_PER,A,82.579448,GDP,TOT,USD_CAP,A,28011.322789,78.6,82.579448,Country/Area,  83 152,  83 482,108.5,100.6,878,10.5,660,0.79,87.6,  1 303,15.6,1.97,0.95,28.9,105,425,5.1,77.8,8.6,1293,380,13.74167
266,United Kingdom,EDUTRY,25_34,PC_AGE,A,1997,24.681225,POP,TOT,MLN_PER,A,58.314249,GDP,TOT,USD_CAP,A,23083.793065,77.2,58.314249,Country/Area,  58 159,  58 250,240,94.7,95,1.6,182,0.31,...,723,12.4,1.72,0.83,28.3,105,628,10.8,77.1,5.8,720,397,7.0
267,United Kingdom,EDUTRY,25_34,PC_AGE,A,1998,25.98814,POP,TOT,MLN_PER,A,58.474943,GDP,TOT,USD_CAP,A,23712.892603,77.3,58.474943,Country/Area,  58 341,  58 438,240.7,94.8,86,1.5,195,0.33,...,714,12.2,1.71,0.82,28.3,105,628,10.8,77.3,5.7,710,398,6.275
268,United Kingdom,EDUTRY,25_34,PC_AGE,A,1999,27.681889,POP,TOT,MLN_PER,A,58.684427,GDP,TOT,USD_CAP,A,24514.04251,77.5,58.684427,Country/Area,  58 536,  58 635,241.6,94.9,66,1.1,199,0.34,...,697,11.9,1.68,0.81,28.4,105,631,10.8,77.4,5.7,694,399,5.975
269,United Kingdom,EDUTRY,25_34,PC_AGE,A,2000,28.901674,POP,TOT,MLN_PER,A,58.886065,GDP,TOT,USD_CAP,A,26543.943289,77.9,58.886065,Country/Area,  58 735,  58 850,242.4,95,69,1.2,231,0.39,...,676,11.5,1.64,0.79,28.5,105,607,10.3,77.9,5.5,673,400,5.45
270,United Kingdom,EDUTRY,25_34,PC_AGE,A,2001,30.066694,POP,TOT,MLN_PER,A,59.113016,GDP,TOT,USD_CAP,A,27896.008476,78.2,59.113016,Country/Area,  58 965,  59 092,243.4,95.1,67,1.1,253,0.43,...,667,11.3,1.63,0.78,28.6,105,600,10.2,78.1,5.5,664,401,5.075
271,United Kingdom,EDUTRY,25_34,PC_AGE,A,2002,31.410488,POP,TOT,MLN_PER,A,59.365677,GDP,TOT,USD_CAP,A,29093.122226,78.3,59.365677,Country/Area,  59 219,  59 356,244.5,95.3,63,1.1,274,0.46,...,668,11.3,1.63,0.79,28.7,105,605,10.2,78.2,5.2,665,402,5.175
272,United Kingdom,EDUTRY,25_34,PC_AGE,A,2003,33.321693,POP,TOT,MLN_PER,A,59.636662,GDP,TOT,USD_CAP,A,30355.089943,78.4,59.636662,Country/Area,  59 493,  59 650,245.7,95.4,84,1.4,314,0.53,131.5,693,11.6,1.7,0.82,28.9,105,609,10.2,78.3,5.4,690,403,5.025
273,United Kingdom,EDUTRY,25_34,PC_AGE,A,2004,34.897144,POP,TOT,MLN_PER,A,59.950364,GDP,TOT,USD_CAP,A,32094.011385,79.0,59.950364,Country/Area,  59 807,  59 996,247.2,95.5,130,2.2,378,0.63,110,712,11.9,1.75,0.84,29,105,582,9.7,78.9,5.1,709,404,4.75
274,United Kingdom,EDUTRY,25_34,PC_AGE,A,2005,35.345379,POP,TOT,MLN_PER,A,60.413276,GDP,TOT,USD_CAP,A,32740.656139,79.2,60.413276,Country/Area,  60 185,  60 384,248.8,95.7,137,2.3,398,0.66,105.2,718,11.9,1.76,0.85,29.1,105,581,9.6,79.1,5.1,715,405,4.8
275,United Kingdom,EDUTRY,25_34,PC_AGE,A,2006,41.8297,POP,TOT,MLN_PER,A,60.827067,GDP,TOT,USD_CAP,A,34762.984729,79.5,60.827067,Country/Area,  60 583,  60 804,250.5,95.8,169,2.8,442,0.73,95.3,741,12.2,1.81,0.87,29.2,105,571,9.4,79.4,5.1,737,406,5.425
276,United Kingdom,EDUTRY,25_34,PC_AGE,A,2007,43.08427,POP,TOT,MLN_PER,A,61.319075,GDP,TOT,USD_CAP,A,35548.282364,79.7,61.319075,Country/Area,  61 025,  61 261,252.4,96,192,3.1,472,0.77,90,765,12.5,1.86,0.9,29.3,105,573,9.4,79.5,4.9,762,407,5.325
277,United Kingdom,EDUTRY,25_34,PC_AGE,A,2008,43.337868,POP,TOT,MLN_PER,A,61.823772,GDP,TOT,USD_CAP,A,36760.886189,79.8,61.823772,Country/Area,  61 497,  61 742,254.4,96.1,207,3.4,491,0.8,87.2,785,12.8,1.9,0.92,29.3,105,578,9.4,79.7,4.8,782,408,5.7
278,United Kingdom,EDUTRY,25_34,PC_AGE,A,2009,45.283749,POP,TOT,MLN_PER,A,62.260486,GDP,TOT,USD_CAP,A,35102.957298,80.4,62.260486,Country/Area,  61 988,  62 243,256.4,96.3,227,3.7,512,0.82,84.3,785,12.6,1.89,0.91,29.4,105,559,9,80.2,4.7,782,409,7.625
279,United Kingdom,EDUTRY,25_34,PC_AGE,A,2010,46.046906,POP,TOT,MLN_PER,A,62.759456,GDP,TOT,USD_CAP,A,36582.645405,80.6,62.759456,Country/Area,  62 499,  62 760,258.5,96.4,240,3.8,522,0.83,83.4,801,12.8,1.92,0.93,29.5,105,561,9,80.4,4.4,798,410,7.875
280,United Kingdom,EDUTRY,25_34,PC_AGE,A,2011,46.910782,POP,TOT,MLN_PER,A,63.285145,GDP,TOT,USD_CAP,A,37245.250086,81.0,63.285145,Country/Area,  63 021,  63 286,260.7,96.5,253,4,531,0.84,82.6,804,12.7,1.91,0.92,29.7,105,551,8.7,80.8,4.3,801,411,8.125
281,United Kingdom,EDUTRY,25_34,PC_AGE,A,2012,47.860847,POP,TOT,MLN_PER,A,63.70503,GDP,TOT,USD_CAP,A,38329.611081,81.0,63.70503,Country/Area,  63 552,  63 809,262.9,96.7,241,3.8,514,0.81,86.1,809,12.7,1.91,0.92,29.8,105,568,8.9,80.9,4.1,806,412,7.975
282,United Kingdom,EDUTRY,25_34,PC_AGE,A,2013,48.31358,POP,TOT,MLN_PER,A,64.105654,GDP,TOT,USD_CAP,A,39989.080724,81.1,64.105654,Country/Area,  64 066,  64 302,264.9,96.8,205,3.2,473,0.74,94.2,781,12.2,1.83,0.88,30,105,576,9,80.9,3.8,778,413,7.6
283,United Kingdom,EDUTRY,25_34,PC_AGE,A,2014,49.185982,POP,TOT,MLN_PER,A,64.596752,GDP,TOT,USD_CAP,A,41288.479526,81.4,64.596752,Country/Area,  64 539,  64 774,266.8,96.9,208,3.2,469,0.72,95.7,778,12,1.81,0.88,30.1,105,570,8.8,81.2,3.8,775,414,6.175
284,United Kingdom,EDUTRY,25_34,PC_AGE,A,2015,49.943413,POP,TOT,MLN_PER,A,65.110034,GDP,TOT,USD_CAP,A,42601.747441,81.0,65.110034,Country/Area,  65 008,  65 224,268.7,97.1,178,2.7,433,0.66,104.5,780,12,1.81,0.87,30.3,106,602,9.2,80.9,3.9,778,415,5.35
285,United Kingdom,EDUTRY,25_34,PC_AGE,A,2016,51.775383,POP,TOT,MLN_PER,A,65.648054,GDP,TOT,USD_CAP,A,44230.588833,81.2,65.648054,Country/Area,  65 441,  65 655,270.5,97.2,182,2.8,429,0.65,106,778,11.9,1.8,0.87,30.4,105,596,9.1,81.1,3.8,775,416,4.9
286,United Kingdom,EDUTRY,25_34,PC_AGE,A,2017,51.624851,POP,TOT,MLN_PER,A,66.040229,GDP,TOT,USD_CAP,A,46117.225681,81.3,66.040229,Country/Area,  65 870,  66 065,272.2,97.3,151,2.3,390,0.59,117.5,757,11.5,1.74,0.84,30.5,105,606,9.2,81.2,3.9,754,417,4.425
287,United Kingdom,EDUTRY,25_34,PC_AGE,A,2018,50.752552,POP,TOT,MLN_PER,A,66.43555,GDP,TOT,USD_CAP,A,47219.464771,81.3,66.43555,Country/Area,  66 260,  66 433,273.7,97.4,116,1.7,346,0.52,133,731,11,1.68,0.81,30.6,106,616,9.3,81.1,3.8,729,418,4.1
288,United Kingdom,EDUTRY,25_34,PC_AGE,A,2019,51.809521,POP,TOT,MLN_PER,A,66.796807,GDP,TOT,USD_CAP,A,49317.743237,81.3,66.796807,Country/Area,  66 606,  66 779,275.1,97.5,124,1.9,345,0.52,134.1,709,10.6,1.63,0.79,30.6,106,585,8.8,81.7,3.8,707,419,3.825
289,United Kingdom,EDUTRY,25_34,PC_AGE,A,2020,55.833538,POP,TOT,MLN_PER,A,67.081234,GDP,TOT,USD_CAP,A,45872.178273,81.0,67.081234,Country/Area,  66 951,  67 059,276.3,97.6,6,0.1,217,0.32,...,679,10.1,1.56,0.75,30.6,106,673,10.1,80.4,3.7,676,420,4.575
292,United States of America,EDUTRY,25_34,PC_AGE,A,1981,23.275386,POP,TOT,MLN_PER,A,229.465714,GDP,TOT,USD_CAP,A,13943.171542,74.1,229.465714,Country/Area,  224 493,  225 654,24.7,95.2,  1 604,7.1,  2 323,1.03,67.4,  3 550,15.8,1.81,0.86,26,105,  1 946,8.6,74.1,11.9,3513,448,7.6
293,United States of America,EDUTRY,25_34,PC_AGE,A,1982,23.832958,POP,TOT,MLN_PER,A,231.664458,GDP,TOT,USD_CAP,A,14399.353194,74.5,231.664458,Country/Area,  226 815,  228 001,24.9,95.2,  1 671,7.3,  2 372,1.04,66.6,  3 614,15.9,1.82,0.87,26.1,105,  1 943,8.5,74.5,11.5,3578,449,9.708333
294,United States of America,EDUTRY,25_34,PC_AGE,A,1983,24.504095,POP,TOT,MLN_PER,A,233.791994,GDP,TOT,USD_CAP,A,15508.007835,74.6,233.791994,Country/Area,  229 187,  230 390,25.2,95.3,  1 606,7,  2 405,1.04,66.4,  3 593,15.6,1.8,0.86,26.2,105,  1 988,8.6,74.5,11,3559,450,9.616667
295,United States of America,EDUTRY,25_34,PC_AGE,A,1984,24.415866,POP,TOT,MLN_PER,A,235.824902,GDP,TOT,USD_CAP,A,17080.014721,74.7,235.824902,Country/Area,  231 593,  232 766,25.4,95.4,  1 622,7,  2 348,1.01,68.7,  3 631,15.6,1.8,0.86,26.3,105,  2 010,8.6,74.7,10.9,3597,451,7.525
296,United States of America,EDUTRY,25_34,PC_AGE,A,1985,23.915321,POP,TOT,MLN_PER,A,237.923795,GDP,TOT,USD_CAP,A,18192.326398,74.7,237.923795,Country/Area,  233 940,  235 146,25.7,95.5,  1 653,7,  2 412,1.03,67.6,  3 712,15.8,1.84,0.88,26.4,105,  2 059,8.8,74.6,10.8,3677,452,7.191667
297,United States of America,EDUTRY,25_34,PC_AGE,A,1986,24.088905,POP,TOT,MLN_PER,A,240.132887,GDP,TOT,USD_CAP,A,19027.646323,74.7,240.132887,Country/Area,  236 352,  237 513,26,95.5,  1 636,6.9,  2 321,0.98,70.9,  3 714,15.7,1.83,0.88,26.4,105,  2 078,8.8,74.7,10.4,3680,453,6.991667
298,United States of America,EDUTRY,25_34,PC_AGE,A,1987,23.999156,POP,TOT,MLN_PER,A,242.288918,GDP,TOT,USD_CAP,A,19993.226076,74.9,242.288918,Country/Area,  238 673,  239 853,26.2,95.6,  1 682,7,  2 360,0.98,70.4,  3 779,15.8,1.87,0.89,26.5,105,  2 096,8.8,74.9,10.3,3745,454,6.191667
299,United States of America,EDUTRY,25_34,PC_AGE,A,1988,23.780565,POP,TOT,MLN_PER,A,244.498982,GDP,TOT,USD_CAP,A,21367.896156,74.9,244.498982,Country/Area,  241 033,  242 288,26.5,95.7,  1 750,7.2,  2 509,1.04,66.9,  3 893,16.1,1.93,0.92,26.5,105,  2 143,8.9,74.8,10.2,3858,455,5.491667
300,United States of America,EDUTRY,25_34,PC_AGE,A,1989,24.280219,POP,TOT,MLN_PER,A,246.81923,GDP,TOT,USD_CAP,A,22804.674457,75.1,246.81923,Country/Area,  243 543,  244 954,26.8,95.8,  1 903,7.8,  2 823,1.15,60.1,  4 030,16.5,2.01,0.96,26.5,105,  2 126,8.7,75.1,10.3,3994,456,5.266667
301,United States of America,EDUTRY,25_34,PC_AGE,A,1990,23.987495,POP,TOT,MLN_PER,A,249.622814,GDP,TOT,USD_CAP,A,23835.319229,75.4,249.622814,Country/Area,  246 366,  248 084,27.1,95.9,  2 014,8.1,  3 436,1.39,50,  4 139,16.7,2.07,0.99,26.5,105,  2 125,8.6,75.4,9.7,4104,457,5.616667
302,United States of America,EDUTRY,25_34,PC_AGE,A,1991,23.758841,POP,TOT,MLN_PER,A,252.980941,GDP,TOT,USD_CAP,A,24289.547588,75.5,252.980941,Country/Area,  249 802,  251 560,27.5,96,  1 947,7.8,  3 517,1.4,49.6,  4 094,16.3,2.05,0.99,26.5,105,  2 147,8.6,75.5,9.2,4061,458,6.816667
303,United States of America,EDUTRY,25_34,PC_AGE,A,1992,30.160175,POP,TOT,MLN_PER,A,256.514224,GDP,TOT,USD_CAP,A,25378.624641,75.8,256.514224,Country/Area,  253 319,  255 175,27.9,96.1,  1 897,7.5,  3 714,1.46,47.6,  4 051,15.9,2.04,0.98,26.6,105,  2 154,8.5,75.8,8.7,4020,459,7.508333
304,United States of America,EDUTRY,25_34,PC_AGE,A,1993,31.726536,POP,TOT,MLN_PER,A,259.918588,GDP,TOT,USD_CAP,A,26350.492927,75.5,259.918588,Country/Area,  257 032,  258 780,28.3,96.2,  1 743,6.8,  3 495,1.35,51.3,  3 990,15.5,2.01,0.97,26.7,105,  2 247,8.7,75.6,8.5,3961,460,6.9
305,United States of America,EDUTRY,25_34,PC_AGE,A,1994,31.958218,POP,TOT,MLN_PER,A,263.125821,GDP,TOT,USD_CAP,A,27660.268357,75.7,263.125821,Country/Area,  260 527,  262 274,28.7,96.3,  1 686,6.4,  3 492,1.33,52,  3 945,15.1,2,0.96,26.7,105,  2 259,8.6,75.7,8.2,3917,461,6.083333
306,United States of America,EDUTRY,25_34,PC_AGE,A,1995,33.599472,POP,TOT,MLN_PER,A,266.278393,GDP,TOT,USD_CAP,A,28657.512716,75.8,266.278393,Country/Area,  264 020,  265 661,29,96.4,  1 603,6.1,  3 282,1.24,56.1,  3 896,14.7,1.97,0.95,26.8,105,  2 293,8.7,75.9,7.8,3870,462,5.608333
307,United States of America,EDUTRY,25_34,PC_AGE,A,1996,35.157932,POP,TOT,MLN_PER,A,269.394284,GDP,TOT,USD_CAP,A,29932.157767,76.1,269.394284,Country/Area,  267 301,  268 984,29.4,96.5,  1 594,5.9,  3 366,1.25,55.4,  3 891,14.5,1.97,0.95,27,105,  2 297,8.6,76.2,7.6,3866,463,5.416667
308,United States of America,EDUTRY,25_34,PC_AGE,A,1997,35.704861,POP,TOT,MLN_PER,A,272.646925,GDP,TOT,USD_CAP,A,31424.438925,76.5,272.646925,Country/Area,  270 667,  272 395,29.8,96.6,  1 589,5.9,  3 456,1.27,54.6,  3 888,14.3,1.97,0.95,27,105,  2 299,8.5,76.5,7.4,3863,464,4.95
309,United States of America,EDUTRY,25_34,PC_AGE,A,1998,36.195801,POP,TOT,MLN_PER,A,275.854104,GDP,TOT,USD_CAP,A,32817.981996,76.7,275.854104,Country/Area,  274 123,  275 835,30.2,96.7,  1 623,5.9,  3 423,1.24,55.9,  3 945,14.3,1.99,0.96,27.1,105,  2 322,8.4,76.7,7.5,3920,465,4.508333
310,United States of America,EDUTRY,25_34,PC_AGE,A,1999,37.368931,POP,TOT,MLN_PER,A,279.040168,GDP,TOT,USD_CAP,A,34479.794364,76.7,279.040168,Country/Area,  277 547,  279 182,30.5,96.8,  1 602,5.8,  3 270,1.17,59.2,  3 981,14.3,2.01,0.96,27.3,105,  2 379,8.5,76.7,7.3,3956,466,4.216667
311,United States of America,EDUTRY,25_34,PC_AGE,A,2000,38.083973,POP,TOT,MLN_PER,A,282.162411,GDP,TOT,USD_CAP,A,36299.662179,76.8,282.162411,Country/Area,  280 817,  282 399,30.9,97,  1 684,6,  3 164,1.12,61.9,  4 075,14.5,2.05,0.98,27.4,105,  2 390,8.5,76.8,7.2,4049,467,3.991667
312,United States of America,EDUTRY,25_34,PC_AGE,A,2001,38.717625,POP,TOT,MLN_PER,A,284.968955,GDP,TOT,USD_CAP,A,37100.285739,77.0,284.968955,Country/Area,  283 980,  285 470,31.2,97,  1 644,5.8,  2 980,1.04,66.4,  4 048,14.2,2.03,0.98,27.5,105,  2 403,8.4,76.9,6.9,4024,468,4.733333
313,United States of America,EDUTRY,25_34,PC_AGE,A,2002,39.336624,POP,TOT,MLN_PER,A,287.625193,GDP,TOT,USD_CAP,A,37954.222014,77.0,287.625193,Country/Area,  286 961,  288 350,31.5,97,  1 611,5.6,  2 779,0.96,71.9,  4 044,14.1,2.02,0.97,27.7,105,  2 433,8.5,77,7,4020,469,5.775
314,United States of America,EDUTRY,25_34,PC_AGE,A,2003,38.652836,POP,TOT,MLN_PER,A,290.107933,GDP,TOT,USD_CAP,A,39419.907372,77.2,290.107933,Country/Area,  289 740,  291 110,31.8,97,  1 665,5.7,  2 740,0.94,73.7,  4 103,14.1,2.04,0.98,27.8,105,  2 438,8.4,77.2,7,4078,470,5.991667
315,United States of America,EDUTRY,25_34,PC_AGE,A,2004,39.042027,POP,TOT,MLN_PER,A,292.805298,GDP,TOT,USD_CAP,A,41659.662691,77.6,292.805298,Country/Area,  292 480,  293 948,32.1,97.1,  1 736,5.9,  2 936,1,69.4,  4 128,14.1,2.05,0.99,27.9,105,  2 392,8.2,77.6,6.9,4103,471,5.533333
316,United States of America,EDUTRY,25_34,PC_AGE,A,2005,39.363441,POP,TOT,MLN_PER,A,295.516599,GDP,TOT,USD_CAP,A,44052.382996,77.6,295.516599,Country/Area,  295 416,  296 843,32.5,97.1,  1 724,5.8,  2 853,0.96,72.1,  4 166,14.1,2.06,0.99,27.9,105,  2 442,8.2,77.6,7,4141,472,5.066667
317,United States of America,EDUTRY,25_34,PC_AGE,A,2006,39.239269,POP,TOT,MLN_PER,A,298.379912,GDP,TOT,USD_CAP,A,46234.10571,77.8,298.379912,Country/Area,  298 269,  299 753,32.8,97.1,  1 855,6.2,  2 968,0.99,70,  4 277,14.3,2.1,1.01,27.9,105,  2 423,8.1,77.8,7,4251,473,4.616667
318,United States of America,EDUTRY,25_34,PC_AGE,A,2007,40.386425,POP,TOT,MLN_PER,A,301.231207,GDP,TOT,USD_CAP,A,47976.201209,78.1,301.231207,Country/Area,  301 237,  302 743,33.1,97.1,  1 904,6.3,  3 013,1,69.7,  4 324,14.3,2.11,1.02,27.9,105,  2 420,8,78.1,7,4298,474,4.616667
319,United States of America,EDUTRY,25_34,PC_AGE,A,2008,41.564896,POP,TOT,MLN_PER,A,304.093966,GDP,TOT,USD_CAP,A,48498.445211,78.2,304.093966,Country/Area,  304 250,  305 695,33.4,97.1,  1 794,5.9,  2 890,0.95,73.3,  4 264,14,2.07,1,28,105,  2 470,8.1,78.2,6.8,4239,475,5.775
320,United States of America,EDUTRY,25_34,PC_AGE,A,2009,41.056328,POP,TOT,MLN_PER,A,306.771529,GDP,TOT,USD_CAP,A,47122.988543,78.5,306.771529,Country/Area,  307 140,  308 512,33.7,97.1,  1 713,5.6,  2 744,0.89,78,  4 151,13.5,2,0.96,28.1,105,  2 438,7.9,78.6,6.5,4127,476,9.266666
321,United States of America,EDUTRY,25_34,PC_AGE,A,2010,42.310982,POP,TOT,MLN_PER,A,309.327143,GDP,TOT,USD_CAP,A,48570.289731,78.7,309.327143,Country/Area,  309 884,  311 183,34,97.1,  1 567,5,  2 598,0.84,83,  4 037,13,1.93,0.93,28.3,105,  2 470,8,78.8,6.2,4015,477,9.616667
322,United States of America,EDUTRY,25_34,PC_AGE,A,2011,43.132984,POP,TOT,MLN_PER,A,311.583481,GDP,TOT,USD_CAP,A,49951.907651,78.7,311.583481,Country/Area,  312 482,  313 877,34.3,97.2,  1 468,4.7,  2 790,0.89,78,  3 986,12.7,1.89,0.91,28.5,105,  2 519,8,78.8,6,3966,478,8.95
323,United States of America,EDUTRY,25_34,PC_AGE,A,2012,44.042595,POP,TOT,MLN_PER,A,313.877662,GDP,TOT,USD_CAP,A,51644.991659,78.8,313.877662,Country/Area,  315 272,  316 651,34.6,97.3,  1 436,4.5,  2 759,0.87,79.6,  3 983,12.6,1.88,0.91,28.6,105,  2 546,8.1,78.9,6,3962,479,8.066667
324,United States of America,EDUTRY,25_34,PC_AGE,A,2013,44.779469,POP,TOT,MLN_PER,A,316.059947,GDP,TOT,USD_CAP,A,53116.521969,78.8,316.059947,Country/Area,  318 031,  319 375,34.9,97.5,  1 367,4.3,  2 688,0.84,82.3,  3 966,12.4,1.86,0.89,28.8,105,  2 599,8.2,79,5.9,3946,480,7.375
325,United States of America,EDUTRY,25_34,PC_AGE,A,2014,45.663815,POP,TOT,MLN_PER,A,318.386329,GDP,TOT,USD_CAP,A,54914.368228,78.9,318.386329,Country/Area,  320 719,  322 034,35.2,97.7,  1 378,4.3,  2 629,0.82,84.9,  4 004,12.5,1.86,0.9,29,105,  2 625,8.2,79,5.8,3984,481,6.166667
326,United States of America,EDUTRY,25_34,PC_AGE,A,2015,46.517712,POP,TOT,MLN_PER,A,320.738994,GDP,TOT,USD_CAP,A,56520.609227,78.7,320.738994,Country/Area,  323 349,  324 608,35.5,97.8,  1 296,4,  2 518,0.78,89.3,  3 996,12.3,1.84,0.89,29.1,105,  2 700,8.3,78.9,5.9,3976,482,5.291667
327,United States of America,EDUTRY,25_34,PC_AGE,A,2016,47.521809,POP,TOT,MLN_PER,A,323.071755,GDP,TOT,USD_CAP,A,57592.691515,78.7,323.071755,Country/Area,  325 867,  327 210,35.8,97.9,  1 237,3.8,  2 687,0.82,84.4,  3 957,12.1,1.81,0.87,29.3,105,  2 720,8.3,78.8,5.8,3937,483,4.866667
328,United States of America,EDUTRY,25_34,PC_AGE,A,2017,47.757,POP,TOT,MLN_PER,A,325.122128,GDP,TOT,USD_CAP,A,59589.233923,78.6,325.122128,Country/Area,  328 553,  329 791,36.1,98.1,  1 098,3.3,  2 475,0.75,92.3,  3 870,11.8,1.76,0.85,29.4,105,  2 772,8.4,78.8,5.7,3851,484,4.35
329,United States of America,EDUTRY,25_34,PC_AGE,A,2018,49.373737,POP,TOT,MLN_PER,A,326.838199,GDP,TOT,USD_CAP,A,62449.612827,78.7,326.838199,Country/Area,  331 029,  332 140,36.3,98.2,  1 021,3.1,  2 222,0.67,103.6,  3 802,11.5,1.72,0.83,29.5,105,  2 780,8.4,79,5.6,3783,485,3.9
330,United States of America,EDUTRY,25_34,PC_AGE,A,2019,50.380188,POP,TOT,MLN_PER,A,328.329953,GDP,TOT,USD_CAP,A,64690.272395,78.8,328.329953,Country/Area,  333 251,  334 320,36.5,98.3,979,2.9,  2 137,0.64,108.5,  3 757,11.3,1.69,0.81,29.6,105,  2 778,8.3,79.1,5.5,3739,486,3.666667
331,United States of America,EDUTRY,25_34,PC_AGE,A,2020,51.856071,POP,TOT,MLN_PER,A,331.511512,GDP,TOT,USD_CAP,A,63480.861222,77.0,331.511512,Country/Area,  335 388,  335 942,36.7,98.3,432,1.3,  1 108,0.33,...,  3 670,10.9,1.64,0.79,29.6,105,  3 239,9.7,77.4,5.5,3653,487,8.091666
332,United States of America,EDUTRY,25_34,PC_AGE,A,2021,51.1675,POP,TOT,MLN_PER,A,332.031554,GDP,TOT,USD_CAP,A,70181.12175,76.4,332.031554,Country/Area,  336 496,  336 998,36.8,98.2,442,1.3,  1 004,0.3,...,  3 723,11.1,1.66,0.8,29.6,105,  3 281,9.7,77.2,5.4,3706,488,5.366667
